date_time,concentration
2019-12-27 00:01:59,0.018
2019-12-27 00:03:59,0.019
2019-12-27 00:05:59,0.019
2019-12-27 00:07:59,0.019
2019-12-27 00:09:59,0.019
2019-12-27 00:11:59,0.019
2019-12-27 00:13:59,0.019
2019-12-27 00:15:59,0.019
2019-12-27 00:17:59,0.019
2019-12-27 00:19:59,0.019
2019-12-27 00:21:59,0.019
2019-12-27 00:23:59,0.019
2019-12-27 00:25:59,0.019
2019-12-27 00:27:59,0.019
2019-12-27 00:29:59,0.018
2019-12-27 00:31:59,0.019
2019-12-27 00:33:59,0.018
2019-12-27 00:35:59,0.018
2019-12-27 00:37:59,0.019
2019-12-27 00:39:59,0.019
2019-12-27 00:41:59,0.019
2019-12-27 00:43:59,0.019
2019-12-27 00:45:59,0.019
2019-12-27 00:47:59,0.019
2019-12-27 00:49:59,0.019
2019-12-27 00:51:59,0.019
2019-12-27 00:53:59,0.019
2019-12-27 00:55:59,0.019
2019-12-27 00:57:59,0.018
2019-12-27 00:59:59,0.019
2019-12-27 01:01:59,0.018
2019-12-27 01:03:59,0.018
2019-12-27 01:05:59,0.018
2019-12-27 01:07:59,0.018
2019-12-27 01:09:59,0.019
2019-12-27 01:11:59,0.019
2019-12-27 01:13:59,0.018
2019-12-27 01:15:59,0.019
2019-12-27 01:17:59,0.019
2019-12-27 01:19:59,0.019
2019-12-27 01:21:59,0.019
2019-12-27 01:23:59,0.019
2019-12-27 01:25:59,0.019
2019-12-27 01:27:59,0.018
2019-12-27 01:29:59,0.019
2019-12-27 01:31:59,0.019
2019-12-27 01:33:59,0.019
2019-12-27 01:35:59,0.019
2019-12-27 01:37:59,0.019
2019-12-27 01:39:59,0.02
2019-12-27 01:41:59,0.02
2019-12-27 01:43:59,0.02
2019-12-27 01:45:59,0.019
2019-12-27 01:47:59,0.019
2019-12-27 01:49:59,0.019
2019-12-27 01:51:59,0.02
2019-12-27 01:53:59,0.02
2019-12-27 01:55:59,0.02
2019-12-27 01:57:59,0.02
2019-12-27 01:59:59,0.02
2019-12-27 02:01:59,0.02
2019-12-27 02:03:59,0.02
2019-12-27 02:05:59,0.02
2019-12-27 02:07:59,0.021
2019-12-27 02:09:59,0.021
2019-12-27 02:11:59,0.021
2019-12-27 02:13:59,0.02
2019-12-27 02:15:59,0.021
2019-12-27 02:17:59,0.02
2019-12-27 02:19:59,0.02
2019-12-27 02:21:59,0.021
2019-12-27 02:23:59,0.02
2019-12-27 02:25:59,0.02
2019-12-27 02:27:59,0.02
2019-12-27 02:29:59,0.021
2019-12-27 02:31:59,0.02
2019-12-27 02:33:59,0.02
2019-12-27 02:35:59,0.02
2019-12-27 02:37:59,0.02
2019-12-27 02:39:59,0.02
2019-12-27 02:41:59,0.02
2019-12-27 02:43:59,0.02
2019-12-27 02:45:59,0.02
2019-12-27 02:47:59,0.02
2019-12-27 02:49:59,0.02
2019-12-27 02:51:59,0.02
2019-12-27 02:53:59,0.02
2019-12-27 02:55:59,0.02
2019-12-27 02:57:59,0.02
2019-12-27 02:59:59,0.02
2019-12-27 03:01:59,0.02
2019-12-27 03:03:59,0.02
2019-12-27 03:05:59,0.02
2019-12-27 03:07:59,0.02
2019-12-27 03:09:59,0.02
2019-12-27 03:11:59,0.021
2019-12-27 03:13:59,0.025
2019-12-27 03:15:59,0.027
2019-12-27 03:17:59,0.027
2019-12-27 03:19:59,0.026
2019-12-27 03:21:59,0.035
2019-12-27 03:23:59,0.031
2019-12-27 03:25:59,0.03
2019-12-27 03:27:59,0.032
2019-12-27 03:29:59,0.029
2019-12-27 03:31:59,0.026
2019-12-27 03:33:59,0.025
2019-12-27 03:35:59,0.026
2019-12-27 03:37:59,0.025
2019-12-27 03:39:59,0.025
2019-12-27 03:41:59,0.024
2019-12-27 03:43:59,0.025
2019-12-27 03:45:59,0.026
2019-12-27 03:47:59,0.027
2019-12-27 03:49:59,0.027
2019-12-27 03:51:59,0.027
2019-12-27 03:53:59,0.029
2019-12-27 03:55:59,0.028
2019-12-27 03:57:59,0.029
2019-12-27 03:59:59,0.031
2019-12-27 04:01:59,0.032
2019-12-27 04:03:59,0.034
2019-12-27 04:05:59,0.034
2019-12-27 04:07:59,0.032
2019-12-27 04:09:59,0.029
2019-12-27 04:11:59,0.026
2019-12-27 04:13:59,0.025
2019-12-27 04:15:59,0.026
2019-12-27 04:17:59,0.027
2019-12-27 04:19:59,0.027
2019-12-27 04:21:59,0.029
2019-12-27 04:23:59,0.03
2019-12-27 04:25:59,0.03
2019-12-27 04:27:59,0.03
2019-12-27 04:29:59,0.03
2019-12-27 04:31:59,0.03
2019-12-27 04:33:59,0.03
2019-12-27 04:35:59,0.03
2019-12-27 04:37:59,0.03
2019-12-27 04:39:59,0.029
2019-12-27 04:41:59,0.028
2019-12-27 04:43:59,0.028
2019-12-27 04:45:59,0.028
2019-12-27 04:47:59,0.028
2019-12-27 04:49:59,0.028
2019-12-27 04:51:59,0.028
2019-12-27 04:53:59,0.026
2019-12-27 04:55:59,0.026
2019-12-27 04:57:59,0.025
2019-12-27 04:59:59,0.026
2019-12-27 05:01:59,0.026
2019-12-27 05:03:59,0.026
2019-12-27 05:05:59,0.025
2019-12-27 05:07:59,0.025
2019-12-27 05:09:59,0.025
2019-12-27 05:11:59,0.026
2019-12-27 05:13:59,0.027
2019-12-27 05:15:59,0.027
2019-12-27 05:17:59,0.027
2019-12-27 05:19:59,0.025
2019-12-27 05:21:59,0.025
2019-12-27 05:23:59,0.024
2019-12-27 05:25:59,0.024
2019-12-27 05:27:59,0.024
2019-12-27 05:29:59,0.024
2019-12-27 05:31:59,0.023
2019-12-27 05:33:59,0.024
2019-12-27 05:35:59,0.023
2019-12-27 05:37:59,0.023
2019-12-27 05:39:59,0.022
2019-12-27 05:41:59,0.022
2019-12-27 05:43:59,0.023
2019-12-27 05:45:59,0.025
2019-12-27 05:47:59,0.027
2019-12-27 05:49:59,0.027
2019-12-27 05:51:59,0.025
2019-12-27 05:53:59,0.024
2019-12-27 05:55:59,0.023
2019-12-27 05:57:59,0.023
2019-12-27 05:59:59,0.023
2019-12-27 06:01:59,0.023
2019-12-27 06:03:59,0.023
2019-12-27 06:05:59,0.021
2019-12-27 06:07:59,0.022
2019-12-27 06:09:59,0.024
2019-12-27 06:11:59,0.029
2019-12-27 06:13:59,0.042
2019-12-27 06:15:59,0.048
2019-12-27 06:17:59,0.04
2019-12-27 06:19:59,0.034
2019-12-27 06:21:59,0.027
2019-12-27 06:23:59,0.025
2019-12-27 06:25:59,0.025
2019-12-27 06:27:59,0.024
2019-12-27 06:29:59,0.024
2019-12-27 06:31:59,0.024
2019-12-27 06:33:59,0.023
2019-12-27 06:35:59,0.023
2019-12-27 06:37:59,0.023
2019-12-27 06:39:59,0.023
2019-12-27 06:41:59,0.024
2019-12-27 06:43:59,0.024
2019-12-27 06:45:59,0.024
2019-12-27 06:47:59,0.024
2019-12-27 06:49:59,0.024
2019-12-27 06:51:59,0.024
2019-12-27 06:53:59,0.024
2019-12-27 06:55:59,0.024
2019-12-27 06:57:59,0.023
2019-12-27 06:59:59,0.041
2019-12-27 07:01:59,0.033
2019-12-27 07:03:59,0.026
2019-12-27 07:05:59,0.025
2019-12-27 07:07:59,0.025
2019-12-27 07:09:59,0.026
2019-12-27 07:11:59,0.027
2019-12-27 07:13:59,0.024
2019-12-27 07:15:59,0.024
2019-12-27 07:17:59,0.023
2019-12-27 07:19:59,0.023
2019-12-27 07:21:59,0.022
2019-12-27 07:23:59,0.022
2019-12-27 07:25:59,0.022
2019-12-27 07:27:59,0.022
2019-12-27 07:29:59,0.022
2019-12-27 07:31:59,0.022
2019-12-27 07:33:59,0.022
2019-12-27 07:35:59,0.022
2019-12-27 07:37:59,0.022
2019-12-27 07:39:59,0.022
2019-12-27 07:41:59,0.022
2019-12-27 07:43:59,0.022
2019-12-27 07:45:59,0.022
2019-12-27 07:47:59,0.024
2019-12-27 07:49:59,0.031
2019-12-27 07:51:59,0.039
2019-12-27 07:53:59,0.036
2019-12-27 07:55:59,0.033
2019-12-27 07:57:59,0.032
2019-12-27 07:59:59,0.034
2019-12-27 08:01:59,0.038
2019-12-27 08:03:59,0.039
2019-12-27 08:05:59,0.038
2019-12-27 08:07:59,0.038
2019-12-27 08:09:59,0.042
2019-12-27 08:11:59,0.043
2019-12-27 08:13:59,0.04
2019-12-27 08:15:59,0.035
2019-12-27 08:17:59,0.041
2019-12-27 08:19:59,0.039
2019-12-27 08:21:59,0.034
2019-12-27 08:23:59,0.037
2019-12-27 08:25:59,0.038
2019-12-27 08:27:59,0.047
2019-12-27 08:29:59,0.059
2019-12-27 08:31:59,0.054
2019-12-27 08:33:59,0.054
2019-12-27 08:35:59,0.05
2019-12-27 08:37:59,0.046
2019-12-27 08:39:59,0.041
2019-12-27 08:41:59,0.039
2019-12-27 08:43:59,0.037
2019-12-27 08:45:59,0.036
2019-12-27 08:47:59,0.041
2019-12-27 08:49:59,0.035
2019-12-27 08:51:59,0.035
2019-12-27 08:53:59,0.033
2019-12-27 08:55:59,0.032
2019-12-27 08:57:59,0.03
2019-12-27 08:59:59,0.028
2019-12-27 09:01:59,0.03
2019-12-27 09:03:59,0.034
2019-12-27 09:05:59,0.033
2019-12-27 09:07:59,0.029
2019-12-27 09:09:59,0.03
2019-12-27 09:11:59,0.03
2019-12-27 09:13:59,0.032
2019-12-27 09:15:59,0.028
2019-12-27 09:17:59,0.027
2019-12-27 09:19:59,0.026
2019-12-27 09:21:59,0.029
2019-12-27 09:23:59,0.027
2019-12-27 09:25:59,0.026
2019-12-27 09:27:59,0.027
2019-12-27 09:29:59,0.027
2019-12-27 09:31:59,0.029
2019-12-27 09:33:59,0.031
2019-12-27 09:35:59,0.029
2019-12-27 09:37:59,0.029
2019-12-27 09:39:59,0.029
2019-12-27 09:41:59,0.029
2019-12-27 09:43:59,0.03
2019-12-27 09:45:59,0.034
2019-12-27 09:47:59,0.034
2019-12-27 09:49:59,0.032
2019-12-27 09:51:59,0.03
2019-12-27 09:53:59,0.028
2019-12-27 09:55:59,0.027
2019-12-27 09:57:59,0.027
2019-12-27 09:59:59,0.026
2019-12-27 10:01:59,0.027
2019-12-27 10:03:59,0.029
2019-12-27 10:05:59,0.028
2019-12-27 10:07:59,0.047
2019-12-27 10:09:59,0.041
2019-12-27 10:11:59,0.034
2019-12-27 10:13:59,0.03
2019-12-27 10:15:59,0.028
2019-12-27 10:17:59,0.028
2019-12-27 10:19:59,0.029
2019-12-27 10:21:59,0.037
2019-12-27 10:23:59,0.048
2019-12-27 10:25:59,0.044
2019-12-27 10:27:59,0.046
2019-12-27 10:29:59,0.053
2019-12-27 10:31:59,0.049
2019-12-27 10:33:59,0.047
2019-12-27 10:35:59,0.045
2019-12-27 10:37:59,0.04
2019-12-27 10:39:59,0.035
2019-12-27 10:41:59,0.03
2019-12-27 10:43:59,0.027
2019-12-27 10:45:59,0.026
2019-12-27 10:47:59,0.025
2019-12-27 10:49:59,0.026
2019-12-27 10:51:59,0.023
2019-12-27 10:53:59,0.023
2019-12-27 10:55:59,0.023
2019-12-27 10:57:59,0.024
2019-12-27 10:59:59,0.024
2019-12-27 11:01:59,0.023
2019-12-27 11:03:59,0.023
2019-12-27 11:05:59,0.023
2019-12-27 11:07:59,0.022
2019-12-27 11:09:59,0.021
2019-12-27 11:11:59,0.022
2019-12-27 11:13:59,0.021
2019-12-27 11:15:59,0.021
2019-12-27 11:17:59,0.02
2019-12-27 11:19:59,0.02
2019-12-27 11:21:59,0.02
2019-12-27 11:23:59,0.02
2019-12-27 11:25:59,0.02
2019-12-27 11:27:59,0.02
2019-12-27 11:29:59,0.021
2019-12-27 11:31:59,0.021
2019-12-27 11:33:59,0.021
2019-12-27 11:35:59,0.02
2019-12-27 11:37:59,0.021
2019-12-27 11:39:59,0.021
2019-12-27 11:41:59,0.021
2019-12-27 11:43:59,0.021
2019-12-27 11:45:59,0.02
2019-12-27 11:47:59,0.02
2019-12-27 11:49:59,0.02
2019-12-27 11:51:59,0.019
2019-12-27 11:53:59,0.02
2019-12-27 11:55:59,0.02
2019-12-27 11:57:59,0.02
2019-12-27 11:59:59,0.019
2019-12-27 12:01:59,0.019
2019-12-27 12:03:59,0.019
2019-12-27 12:05:59,0.019
2019-12-27 12:07:59,0.019
2019-12-27 12:09:59,0.018
2019-12-27 12:11:59,0.019
2019-12-27 12:13:59,0.018
2019-12-27 12:15:59,0.018
2019-12-27 12:17:59,0.017
2019-12-27 12:19:59,0.022
2019-12-27 12:21:59,0.018
2019-12-27 12:23:59,0.017
2019-12-27 12:25:59,0.017
2019-12-27 12:27:59,0.017
2019-12-27 12:29:59,0.017
2019-12-27 12:31:59,0.017
2019-12-27 12:33:59,0.017
2019-12-27 12:35:59,0.017
2019-12-27 12:37:59,0.017
2019-12-27 12:39:59,0.017
2019-12-27 12:41:59,0.017
2019-12-27 12:43:59,0.016
2019-12-27 12:45:59,0.016
2019-12-27 12:47:59,0.016
2019-12-27 12:49:59,0.016
2019-12-27 12:51:59,0.016
2019-12-27 12:53:59,0.016
2019-12-27 12:55:59,0.015
2019-12-27 12:57:59,0.016
2019-12-27 12:59:59,0.016
2019-12-27 13:01:59,0.015
2019-12-27 13:03:59,0.016
2019-12-27 13:05:59,0.015
2019-12-27 13:07:59,0.016
2019-12-27 13:09:59,0.015
2019-12-27 13:11:59,0.015
2019-12-27 13:13:59,0.015
2019-12-27 13:15:59,0.015
2019-12-27 13:17:59,0.015
2019-12-27 13:19:59,0.015
2019-12-27 13:21:59,0.015
2019-12-27 13:23:59,0.015
2019-12-27 13:25:59,0.015
2019-12-27 13:27:59,0.015
2019-12-27 13:29:59,0.015
2019-12-27 13:31:59,0.015
2019-12-27 13:33:59,0.015
2019-12-27 13:35:59,0.015
2019-12-27 13:37:59,0.015
2019-12-27 13:39:59,0.016
2019-12-27 13:41:59,0.016
2019-12-27 13:43:59,0.016
2019-12-27 13:45:59,0.017
2019-12-27 13:47:59,0.017
2019-12-27 13:49:59,0.015
2019-12-27 13:51:59,0.016
2019-12-27 13:53:59,0.015
2019-12-27 13:55:59,0.015
2019-12-27 13:57:59,0.015
2019-12-27 13:59:59,0.016
2019-12-27 14:01:59,0.015
2019-12-27 14:03:59,0.015
2019-12-27 14:05:59,0.015
2019-12-27 14:07:59,0.015
2019-12-27 14:09:59,0.015
2019-12-27 14:11:59,0.015
2019-12-27 14:13:59,0.015
2019-12-27 14:15:59,0.015
2019-12-27 14:17:59,0.015
2019-12-27 14:19:59,0.014
2019-12-27 14:21:59,0.014
2019-12-27 14:23:59,0.014
2019-12-27 14:25:59,0.014
2019-12-27 14:27:59,0.014
2019-12-27 14:29:59,0.014
2019-12-27 14:31:59,0.014
2019-12-27 14:33:59,0.014
2019-12-27 14:35:59,0.014
2019-12-27 14:37:59,0.014
2019-12-27 14:39:59,0.014
2019-12-27 14:41:59,0.015
2019-12-27 14:43:59,0.014
2019-12-27 14:45:59,0.014
2019-12-27 14:47:59,0.014
2019-12-27 14:49:59,0.014
2019-12-27 14:51:59,0.014
2019-12-27 14:53:59,0.014
2019-12-27 14:55:59,0.013
2019-12-27 14:57:59,0.013
2019-12-27 14:59:59,0.013
2019-12-27 15:01:59,0.013
2019-12-27 15:03:59,0.013
2019-12-27 15:05:59,0.014
2019-12-27 15:07:59,0.013
2019-12-27 15:09:59,0.013
2019-12-27 15:11:59,0.013
2019-12-27 15:13:59,0.013
2019-12-27 15:15:59,0.013
2019-12-27 15:17:59,0.013
2019-12-27 15:19:59,0.013
2019-12-27 15:21:59,0.014
2019-12-27 15:23:59,0.014
2019-12-27 15:25:59,0.014
2019-12-27 15:27:59,0.014
2019-12-27 15:29:59,0.014
2019-12-27 15:31:59,0.014
2019-12-27 15:33:59,0.013
2019-12-27 15:35:59,0.013
2019-12-27 15:37:59,0.013
2019-12-27 15:39:59,0.013
2019-12-27 15:41:59,0.013
2019-12-27 15:43:59,0.013
2019-12-27 15:45:59,0.013
2019-12-27 15:47:59,0.013
2019-12-27 15:49:59,0.014
2019-12-27 15:51:59,0.014
2019-12-27 15:53:59,0.014
2019-12-27 15:55:59,0.013
2019-12-27 15:57:59,0.018
2019-12-27 15:59:59,0.021
2019-12-27 16:01:59,0.02
2019-12-27 16:03:59,0.02
2019-12-27 16:05:59,0.021
2019-12-27 16:07:59,0.024
2019-12-27 16:09:59,0.046
2019-12-27 16:11:59,0.053
2019-12-27 16:13:59,0.045
2019-12-27 16:15:59,0.053
2019-12-27 16:17:59,0.044
2019-12-27 16:19:59,0.038
2019-12-27 16:21:59,0.044
2019-12-27 16:23:59,0.04
2019-12-27 16:25:59,0.028
2019-12-27 16:27:59,0.025
2019-12-27 16:29:59,0.047
2019-12-27 16:31:59,0.089
2019-12-27 16:33:59,0.093
2019-12-27 16:35:59,0.089
2019-12-27 16:37:59,0.057
2019-12-27 16:39:59,0.03
2019-12-27 16:41:59,0.029
2019-12-27 16:43:59,0.023
2019-12-27 16:45:59,0.021
2019-12-27 16:47:59,0.022
2019-12-27 16:49:59,0.023
2019-12-27 16:51:59,0.022
2019-12-27 16:53:59,0.019
2019-12-27 16:55:59,0.019
2019-12-27 16:57:59,0.019
2019-12-27 16:59:59,0.021
2019-12-27 17:01:59,0.02
2019-12-27 17:03:59,0.02
2019-12-27 17:05:59,0.021
2019-12-27 17:07:59,0.02
2019-12-27 17:09:59,0.019
2019-12-27 17:11:59,0.019
2019-12-27 17:13:59,0.018
2019-12-27 17:15:59,0.018
2019-12-27 17:17:59,0.018
2019-12-27 17:19:59,0.018
2019-12-27 17:21:59,0.018
2019-12-27 17:23:59,0.018
2019-12-27 17:25:59,0.019
2019-12-27 17:27:59,0.021
2019-12-27 17:29:59,0.021
2019-12-27 17:31:59,0.021
2019-12-27 17:33:59,0.021
2019-12-27 17:35:59,0.023
2019-12-27 17:37:59,0.025
2019-12-27 17:39:59,0.023
2019-12-27 17:41:59,0.024
2019-12-27 17:43:59,0.024
2019-12-27 17:45:59,0.023
2019-12-27 17:47:59,0.024
2019-12-27 17:49:59,0.024
2019-12-27 17:51:59,0.023
2019-12-27 17:53:59,0.024
2019-12-27 17:55:59,0.028
2019-12-27 17:57:59,0.033
2019-12-27 17:59:59,0.036
2019-12-27 18:01:59,0.037
2019-12-27 18:03:59,0.035
2019-12-27 18:05:59,0.035
2019-12-27 18:07:59,0.033
2019-12-27 18:09:59,0.028
2019-12-27 18:11:59,0.028
2019-12-27 18:13:59,0.029
2019-12-27 18:15:59,0.028
2019-12-27 18:17:59,0.027
2019-12-27 18:19:59,0.027
2019-12-27 18:21:59,0.026
2019-12-27 18:23:59,0.026
2019-12-27 18:25:59,0.026
2019-12-27 18:27:59,0.026
2019-12-27 18:29:59,0.026
2019-12-27 18:31:59,0.029
2019-12-27 18:33:59,0.029
2019-12-27 18:35:59,0.029
2019-12-27 18:37:59,0.028
2019-12-27 18:39:59,0.028
2019-12-27 18:41:59,0.031
2019-12-27 18:43:59,0.039
2019-12-27 18:45:59,0.039
2019-12-27 18:47:59,0.036
2019-12-27 18:49:59,0.034
2019-12-27 18:51:59,0.034
2019-12-27 18:53:59,0.032
2019-12-27 18:55:59,0.029
2019-12-27 18:57:59,0.028
2019-12-27 18:59:59,0.027
2019-12-27 19:01:59,0.027
2019-12-27 19:03:59,0.026
2019-12-27 19:05:59,0.027
2019-12-27 19:07:59,0.027
2019-12-27 19:09:59,0.028
2019-12-27 19:11:59,0.029
2019-12-27 19:13:59,0.028
2019-12-27 19:15:59,0.027
2019-12-27 19:17:59,0.026
2019-12-27 19:19:59,0.025
2019-12-27 19:21:59,0.026
2019-12-27 19:23:59,0.025
2019-12-27 19:25:59,0.024
2019-12-27 19:27:59,0.024
2019-12-27 19:29:59,0.024
2019-12-27 19:31:59,0.023
2019-12-27 19:33:59,0.022
2019-12-27 19:35:59,0.021
2019-12-27 19:37:59,0.02
2019-12-27 19:39:59,0.019
2019-12-27 19:41:59,0.019
2019-12-27 19:43:59,0.018
2019-12-27 19:45:59,0.018
2019-12-27 19:47:59,0.019
2019-12-27 19:49:59,0.019
2019-12-27 19:51:59,0.019
2019-12-27 19:53:59,0.02
2019-12-27 19:55:59,0.023
2019-12-27 19:57:59,0.025
2019-12-27 19:59:59,0.024
2019-12-27 20:01:59,0.022
2019-12-27 20:03:59,0.021
2019-12-27 20:05:59,0.021
2019-12-27 20:07:59,0.021
2019-12-27 20:09:59,0.02
2019-12-27 20:11:59,0.02
2019-12-27 20:13:59,0.02
2019-12-27 20:15:59,0.02
2019-12-27 20:17:59,0.02
2019-12-27 20:19:59,0.02
2019-12-27 20:21:59,0.02
2019-12-27 20:23:59,0.02
2019-12-27 20:25:59,0.021
2019-12-27 20:27:59,0.021
2019-12-27 20:29:59,0.021
2019-12-27 20:31:59,0.021
2019-12-27 20:33:59,0.02
2019-12-27 20:35:59,0.021
2019-12-27 20:37:59,0.021
2019-12-27 20:39:59,0.02
2019-12-27 20:41:59,0.02
2019-12-27 20:43:59,0.021
2019-12-27 20:45:59,0.021
2019-12-27 20:47:59,0.021
2019-12-27 20:49:59,0.02
2019-12-27 20:51:59,0.019
2019-12-27 20:53:59,0.024
2019-12-27 20:55:59,0.025
2019-12-27 20:57:59,0.021
2019-12-27 20:59:59,0.022
2019-12-27 21:01:59,0.034
2019-12-27 21:03:59,0.051
2019-12-27 21:05:59,0.043
2019-12-27 21:07:59,0.037
2019-12-27 21:09:59,0.029
2019-12-27 21:11:59,0.025
2019-12-27 21:13:59,0.023
2019-12-27 21:15:59,0.023
2019-12-27 21:17:59,0.027
2019-12-27 21:19:59,0.029
2019-12-27 21:21:59,0.031
2019-12-27 21:23:59,0.032
2019-12-27 21:25:59,0.035
2019-12-27 21:27:59,0.034
2019-12-27 21:29:59,0.032
2019-12-27 21:31:59,0.034
2019-12-27 21:33:59,0.036
2019-12-27 21:35:59,0.035
2019-12-27 21:37:59,0.035
2019-12-27 21:39:59,0.032
2019-12-27 21:41:59,0.029
2019-12-27 21:43:59,0.026
2019-12-27 21:45:59,0.025
2019-12-27 21:47:59,0.028
2019-12-27 21:49:59,0.04
2019-12-27 21:51:59,0.055
2019-12-27 21:53:59,0.067
2019-12-27 21:55:59,0.063
2019-12-27 21:57:59,0.052
2019-12-27 21:59:59,0.045
2019-12-27 22:01:59,0.042
2019-12-27 22:03:59,0.044
2019-12-27 22:05:59,0.041
2019-12-27 22:07:59,0.035
2019-12-27 22:09:59,0.034
2019-12-27 22:11:59,0.033
2019-12-27 22:13:59,0.035
2019-12-27 22:15:59,0.037
2019-12-27 22:17:59,0.037
2019-12-27 22:19:59,0.036
2019-12-27 22:21:59,0.037
2019-12-27 22:23:59,0.036
2019-12-27 22:25:59,0.036
2019-12-27 22:27:59,0.037
2019-12-27 22:29:59,0.035
2019-12-27 22:31:59,0.036
2019-12-27 22:33:59,0.035
2019-12-27 22:35:59,0.038
2019-12-27 22:37:59,0.036
2019-12-27 22:39:59,0.033
2019-12-27 22:41:59,0.03
2019-12-27 22:43:59,0.028
2019-12-27 22:45:59,0.029
2019-12-27 22:47:59,0.032
2019-12-27 22:49:59,0.031
2019-12-27 22:51:59,0.032
2019-12-27 22:53:59,0.038
2019-12-27 22:55:59,0.116
2019-12-27 22:57:59,0.136
2019-12-27 22:59:59,0.076
2019-12-27 23:01:59,0.105
2019-12-27 23:03:59,0.288
2019-12-27 23:05:59,0.205
2019-12-27 23:07:59,0.069
2019-12-27 23:09:59,0.044
2019-12-27 23:11:59,0.038
2019-12-27 23:13:59,0.034
2019-12-27 23:15:59,0.042
2019-12-27 23:17:59,0.037
2019-12-27 23:19:59,0.035
2019-12-27 23:21:59,0.035
2019-12-27 23:23:59,0.033
2019-12-27 23:25:59,0.033
2019-12-27 23:27:59,0.032
2019-12-27 23:29:59,0.034
2019-12-27 23:31:59,0.039
2019-12-27 23:33:59,0.05
2019-12-27 23:35:59,0.044
2019-12-27 23:37:59,0.077
2019-12-27 23:39:59,0.095
2019-12-27 23:41:59,0.051
2019-12-27 23:43:59,0.138
2019-12-27 23:45:59,0.074
2019-12-27 23:47:59,0.043
2019-12-27 23:49:59,0.039
2019-12-27 23:51:59,0.118
2019-12-27 23:53:59,0.077
2019-12-27 23:55:59,0.051
2019-12-27 23:57:59,0.051
2019-12-27 23:59:59,0.13
2019-12-28 00:01:59,0.063
2019-12-28 00:03:59,0.047
2019-12-28 00:05:59,0.045
2019-12-28 00:07:59,0.083
2019-12-28 00:09:59,0.038
2019-12-28 00:11:59,0.035
2019-12-28 00:13:59,0.035
2019-12-28 00:15:59,0.034
2019-12-28 00:17:59,0.034
2019-12-28 00:19:59,0.033
2019-12-28 00:21:59,0.034
2019-12-28 00:23:59,0.034
2019-12-28 00:25:59,0.034
2019-12-28 00:27:59,0.035
2019-12-28 00:29:59,0.031
2019-12-28 00:31:59,0.03
2019-12-28 00:33:59,0.03
2019-12-28 00:35:59,0.031
2019-12-28 00:37:59,0.03
2019-12-28 00:39:59,0.03
2019-12-28 00:41:59,0.03
2019-12-28 00:43:59,0.03
2019-12-28 00:45:59,0.03
2019-12-28 00:47:59,0.031
2019-12-28 00:49:59,0.031
2019-12-28 00:51:59,0.031
2019-12-28 00:53:59,0.031
2019-12-28 00:55:59,0.039
2019-12-28 00:57:59,0.032
2019-12-28 00:59:59,0.029
2019-12-28 01:01:59,0.032
2019-12-28 01:03:59,0.036
2019-12-28 01:05:59,0.035
2019-12-28 01:07:59,0.032
2019-12-28 01:09:59,0.031
2019-12-28 01:11:59,0.031
2019-12-28 01:13:59,0.03
2019-12-28 01:15:59,0.029
2019-12-28 01:17:59,0.03
2019-12-28 01:19:59,0.036
2019-12-28 01:21:59,0.037
2019-12-28 01:23:59,0.041
2019-12-28 01:25:59,0.036
2019-12-28 01:27:59,0.036
2019-12-28 01:29:59,0.038
2019-12-28 01:31:59,0.038
2019-12-28 01:33:59,0.037
2019-12-28 01:35:59,0.035
2019-12-28 01:37:59,0.035
2019-12-28 01:39:59,0.035
2019-12-28 01:41:59,0.034
2019-12-28 01:43:59,0.034
2019-12-28 01:45:59,0.035
2019-12-28 01:47:59,0.033
2019-12-28 01:49:59,0.034
2019-12-28 01:51:59,0.035
2019-12-28 01:53:59,0.033
2019-12-28 01:55:59,0.033
2019-12-28 01:57:59,0.033
2019-12-28 01:59:59,0.033
2019-12-28 02:01:59,0.033
2019-12-28 02:03:59,0.034
2019-12-28 02:05:59,0.034
2019-12-28 02:07:59,0.034
2019-12-28 02:09:59,0.034
2019-12-28 02:11:59,0.034
2019-12-28 02:13:59,0.035
2019-12-28 02:15:59,0.035
2019-12-28 02:17:59,0.035
2019-12-28 02:19:59,0.035
2019-12-28 02:21:59,0.032
2019-12-28 02:23:59,0.03
2019-12-28 02:25:59,0.03
2019-12-28 02:27:59,0.029
2019-12-28 02:29:59,0.028
2019-12-28 02:31:59,0.028
2019-12-28 02:33:59,0.029
2019-12-28 02:35:59,0.029
2019-12-28 02:37:59,0.03
2019-12-28 02:39:59,0.032
2019-12-28 02:41:59,0.032
2019-12-28 02:43:59,0.03
2019-12-28 02:45:59,0.03
2019-12-28 02:47:59,0.03
2019-12-28 02:49:59,0.029
2019-12-28 02:51:59,0.028
2019-12-28 02:53:59,0.028
2019-12-28 02:55:59,0.028
2019-12-28 02:57:59,0.028
2019-12-28 02:59:59,0.028
2019-12-28 03:01:59,0.028
2019-12-28 03:03:59,0.027
2019-12-28 03:05:59,0.026
2019-12-28 03:07:59,0.026
2019-12-28 03:09:59,0.026
2019-12-28 03:11:59,0.03
2019-12-28 03:13:59,0.034
2019-12-28 03:15:59,0.037
2019-12-28 03:17:59,0.041
2019-12-28 03:19:59,0.06
2019-12-28 03:21:59,0.062
2019-12-28 03:23:59,0.04
2019-12-28 03:25:59,0.037
2019-12-28 03:27:59,0.035
2019-12-28 03:29:59,0.035
2019-12-28 03:31:59,0.044
2019-12-28 03:33:59,0.048
2019-12-28 03:35:59,0.042
2019-12-28 03:37:59,0.041
2019-12-28 03:39:59,0.04
2019-12-28 03:41:59,0.04
2019-12-28 03:43:59,0.038
2019-12-28 03:45:59,0.038
2019-12-28 03:47:59,0.038
2019-12-28 03:49:59,0.037
2019-12-28 03:51:59,0.038
2019-12-28 03:53:59,0.038
2019-12-28 03:55:59,0.039
2019-12-28 03:57:59,0.04
2019-12-28 03:59:59,0.04
2019-12-28 04:01:59,0.039
2019-12-28 04:03:59,0.038
2019-12-28 04:05:59,0.038
2019-12-28 04:07:59,0.037
2019-12-28 04:09:59,0.038
2019-12-28 04:11:59,0.038
2019-12-28 04:13:59,0.039
2019-12-28 04:15:59,0.039
2019-12-28 04:17:59,0.038
2019-12-28 04:19:59,0.038
2019-12-28 04:21:59,0.038
2019-12-28 04:23:59,0.038
2019-12-28 04:25:59,0.037
2019-12-28 04:27:59,0.036
2019-12-28 04:29:59,0.035
2019-12-28 04:31:59,0.035
2019-12-28 04:33:59,0.035
2019-12-28 04:35:59,0.035
2019-12-28 04:37:59,0.035
2019-12-28 04:39:59,0.034
2019-12-28 04:41:59,0.033
2019-12-28 04:43:59,0.033
2019-12-28 04:45:59,0.033
2019-12-28 04:47:59,0.034
2019-12-28 04:49:59,0.033
2019-12-28 04:51:59,0.032
2019-12-28 04:53:59,0.034
2019-12-28 04:55:59,0.033
2019-12-28 04:57:59,0.035
2019-12-28 04:59:59,0.038
2019-12-28 05:01:59,0.04
2019-12-28 05:03:59,0.04
2019-12-28 05:05:59,0.039
2019-12-28 05:07:59,0.039
2019-12-28 05:09:59,0.039
2019-12-28 05:11:59,0.039
2019-12-28 05:13:59,0.039
2019-12-28 05:15:59,0.042
2019-12-28 05:17:59,0.047
2019-12-28 05:19:59,0.058
2019-12-28 05:21:59,0.066
2019-12-28 05:23:59,0.067
2019-12-28 05:25:59,0.058
2019-12-28 05:27:59,0.058
2019-12-28 05:29:59,0.057
2019-12-28 05:31:59,0.054
2019-12-28 05:33:59,0.051
2019-12-28 05:35:59,0.046
2019-12-28 05:37:59,0.04
2019-12-28 05:39:59,0.039
2019-12-28 05:41:59,0.038
2019-12-28 05:43:59,0.038
2019-12-28 05:45:59,0.038
2019-12-28 05:47:59,0.036
2019-12-28 05:49:59,0.036
2019-12-28 05:51:59,0.036
2019-12-28 05:53:59,0.035
2019-12-28 05:55:59,0.035
2019-12-28 05:57:59,0.036
2019-12-28 05:59:59,0.036
2019-12-28 06:01:59,0.036
2019-12-28 06:03:59,0.036
2019-12-28 06:05:59,0.035
2019-12-28 06:07:59,0.035
2019-12-28 06:09:59,0.036
2019-12-28 06:11:59,0.036
2019-12-28 06:13:59,0.034
2019-12-28 06:15:59,0.034
2019-12-28 06:17:59,0.033
2019-12-28 06:19:59,0.034
2019-12-28 06:21:59,0.033
2019-12-28 06:23:59,0.033
2019-12-28 06:25:59,0.034
2019-12-28 06:27:59,0.032
2019-12-28 06:29:59,0.032
2019-12-28 06:31:59,0.032
2019-12-28 06:33:59,0.035
2019-12-28 06:35:59,0.034
2019-12-28 06:37:59,0.03
2019-12-28 06:39:59,0.03
2019-12-28 06:41:59,0.029
2019-12-28 06:43:59,0.028
2019-12-28 06:45:59,0.027
2019-12-28 06:47:59,0.027
2019-12-28 06:49:59,0.028
2019-12-28 06:51:59,0.029
2019-12-28 06:53:59,0.03
2019-12-28 06:55:59,0.03
2019-12-28 06:57:59,0.031
2019-12-28 06:59:59,0.031
2019-12-28 07:01:59,0.031
2019-12-28 07:03:59,0.033
2019-12-28 07:05:59,0.035
2019-12-28 07:07:59,0.035
2019-12-28 07:09:59,0.035
2019-12-28 07:11:59,0.037
2019-12-28 07:13:59,0.04
2019-12-28 07:15:59,0.041
2019-12-28 07:17:59,0.043
2019-12-28 07:19:59,0.043
2019-12-28 07:21:59,0.042
2019-12-28 07:23:59,0.037
2019-12-28 07:25:59,0.037
2019-12-28 07:27:59,0.038
2019-12-28 07:29:59,0.038
2019-12-28 07:31:59,0.04
2019-12-28 07:33:59,0.038
2019-12-28 07:35:59,0.037
2019-12-28 07:37:59,0.037
2019-12-28 07:39:59,0.036
2019-12-28 07:41:59,0.036
2019-12-28 07:43:59,0.035
2019-12-28 07:45:59,0.035
2019-12-28 07:47:59,0.035
2019-12-28 07:49:59,0.035
2019-12-28 07:51:59,0.035
2019-12-28 07:53:59,0.034
2019-12-28 07:55:59,0.035
2019-12-28 07:57:59,0.035
2019-12-28 07:59:59,0.033
2019-12-28 08:01:59,0.033
2019-12-28 08:03:59,0.033
2019-12-28 08:05:59,0.033
2019-12-28 08:07:59,0.032
2019-12-28 08:09:59,0.032
2019-12-28 08:11:59,0.032
2019-12-28 08:13:59,0.032
2019-12-28 08:15:59,0.031
2019-12-28 08:17:59,0.031
2019-12-28 08:19:59,0.031
2019-12-28 08:21:59,0.031
2019-12-28 08:23:59,0.031
2019-12-28 08:25:59,0.03
2019-12-28 08:27:59,0.03
2019-12-28 08:29:59,0.03
2019-12-28 08:31:59,0.03
2019-12-28 08:33:59,0.031
2019-12-28 08:35:59,0.032
2019-12-28 08:37:59,0.032
2019-12-28 08:39:59,0.031
2019-12-28 08:41:59,0.033
2019-12-28 08:43:59,0.034
2019-12-28 08:45:59,0.038
2019-12-28 08:47:59,0.042
2019-12-28 08:49:59,0.037
2019-12-28 08:51:59,0.037
2019-12-28 08:53:59,0.035
2019-12-28 08:55:59,0.033
2019-12-28 08:57:59,0.033
2019-12-28 08:59:59,0.032
2019-12-28 09:01:59,0.032
2019-12-28 09:03:59,0.032
2019-12-28 09:05:59,0.032
2019-12-28 09:07:59,0.032
2019-12-28 09:09:59,0.034
2019-12-28 09:11:59,0.033
2019-12-28 09:13:59,0.032
2019-12-28 09:15:59,0.032
2019-12-28 09:17:59,0.033
2019-12-28 09:19:59,0.035
2019-12-28 09:21:59,0.036
2019-12-28 09:23:59,0.036
2019-12-28 09:25:59,0.037
2019-12-28 09:27:59,0.038
2019-12-28 09:29:59,0.038
2019-12-28 09:31:59,0.038
2019-12-28 09:33:59,0.038
2019-12-28 09:35:59,0.038
2019-12-28 09:37:59,0.038
2019-12-28 09:39:59,0.037
2019-12-28 09:41:59,0.037
2019-12-28 09:43:59,0.037
2019-12-28 09:45:59,0.036
2019-12-28 09:47:59,0.036
2019-12-28 09:49:59,0.035
2019-12-28 09:51:59,0.034
2019-12-28 09:53:59,0.036
2019-12-28 09:55:59,0.036
2019-12-28 09:57:59,0.033
2019-12-28 09:59:59,0.033
2019-12-28 10:01:59,0.033
2019-12-28 10:03:59,0.032
2019-12-28 10:05:59,0.032
2019-12-28 10:07:59,0.033
2019-12-28 10:09:59,0.033
2019-12-28 10:11:59,0.032
2019-12-28 10:13:59,0.032
2019-12-28 10:15:59,0.033
2019-12-28 10:17:59,0.033
2019-12-28 10:19:59,0.034
2019-12-28 10:21:59,0.034
2019-12-28 10:23:59,0.034
2019-12-28 10:25:59,0.034
2019-12-28 10:27:59,0.033
2019-12-28 10:29:59,0.034
2019-12-28 10:31:59,0.034
2019-12-28 10:33:59,0.034
2019-12-28 10:35:59,0.035
2019-12-28 10:37:59,0.035
2019-12-28 10:39:59,0.048
2019-12-28 10:41:59,0.035
2019-12-28 10:43:59,0.037
2019-12-28 10:45:59,0.035
2019-12-28 10:47:59,0.034
2019-12-28 10:49:59,0.033
2019-12-28 10:51:59,0.033
2019-12-28 10:53:59,0.033
2019-12-28 10:55:59,0.033
2019-12-28 10:57:59,0.032
2019-12-28 10:59:59,0.031
2019-12-28 11:01:59,0.031
2019-12-28 11:03:59,0.032
2019-12-28 11:05:59,0.032
2019-12-28 11:07:59,0.031
2019-12-28 11:09:59,0.032
2019-12-28 11:11:59,0.032
2019-12-28 11:13:59,0.032
2019-12-28 11:15:59,0.032
2019-12-28 11:17:59,0.032
2019-12-28 11:19:59,0.032
2019-12-28 11:21:59,0.033
2019-12-28 11:23:59,0.033
2019-12-28 11:25:59,0.032
2019-12-28 11:27:59,0.033
2019-12-28 11:29:59,0.033
2019-12-28 11:31:59,0.033
2019-12-28 11:33:59,0.034
2019-12-28 11:35:59,0.035
2019-12-28 11:37:59,0.034
2019-12-28 11:39:59,0.034
2019-12-28 11:41:59,0.034
2019-12-28 11:43:59,0.034
2019-12-28 11:45:59,0.033
2019-12-28 11:47:59,0.031
2019-12-28 11:49:59,0.031
2019-12-28 11:51:59,0.033
2019-12-28 11:53:59,0.034
2019-12-28 11:55:59,0.033
2019-12-28 11:57:59,0.034
2019-12-28 11:59:59,0.035
2019-12-28 12:01:59,0.034
2019-12-28 12:03:59,0.033
2019-12-28 12:05:59,0.033
2019-12-28 12:07:59,0.032
2019-12-28 12:09:59,0.031
2019-12-28 12:11:59,0.032
2019-12-28 12:13:59,0.033
2019-12-28 12:15:59,0.032
2019-12-28 12:17:59,0.033
2019-12-28 12:19:59,0.031
2019-12-28 12:21:59,0.031
2019-12-28 12:23:59,0.031
2019-12-28 12:25:59,0.032
2019-12-28 12:27:59,0.032
2019-12-28 12:29:59,0.03
2019-12-28 12:31:59,0.028
2019-12-28 12:33:59,0.031
2019-12-28 12:35:59,0.03
2019-12-28 12:37:59,0.027
2019-12-28 12:39:59,0.028
2019-12-28 12:41:59,0.031
2019-12-28 12:43:59,0.034
2019-12-28 12:45:59,0.03
2019-12-28 12:47:59,0.026
2019-12-28 12:49:59,0.025
2019-12-28 12:51:59,0.025
2019-12-28 12:53:59,0.024
2019-12-28 12:55:59,0.028
2019-12-28 12:57:59,0.038
2019-12-28 12:59:59,0.04
2019-12-28 13:01:59,0.039
2019-12-28 13:03:59,0.037
2019-12-28 13:05:59,0.033
2019-12-28 13:07:59,0.035
2019-12-28 13:09:59,0.034
2019-12-28 13:11:59,0.033
2019-12-28 13:13:59,0.032
2019-12-28 13:15:59,0.031
2019-12-28 13:17:59,0.03
2019-12-28 13:19:59,0.029
2019-12-28 13:21:59,0.029
2019-12-28 13:23:59,0.028
2019-12-28 13:25:59,0.029
2019-12-28 13:27:59,0.031
2019-12-28 13:29:59,0.031
2019-12-28 13:31:59,0.029
2019-12-28 13:33:59,0.029
2019-12-28 13:35:59,0.029
2019-12-28 13:37:59,0.028
2019-12-28 13:39:59,0.026
2019-12-28 13:41:59,0.025
2019-12-28 13:43:59,0.023
2019-12-28 13:45:59,0.026
2019-12-28 13:47:59,0.027
2019-12-28 13:49:59,0.026
2019-12-28 13:51:59,0.026
2019-12-28 13:53:59,0.025
2019-12-28 13:55:59,0.024
2019-12-28 13:57:59,0.024
2019-12-28 13:59:59,0.024
2019-12-28 14:01:59,0.025
2019-12-28 14:03:59,0.022
2019-12-28 14:05:59,0.022
2019-12-28 14:07:59,0.019
2019-12-28 14:09:59,0.019
2019-12-28 14:11:59,0.021
2019-12-28 14:13:59,0.023
2019-12-28 14:15:59,0.024
2019-12-28 14:17:59,0.024
2019-12-28 14:19:59,0.023
2019-12-28 14:21:59,0.022
2019-12-28 14:23:59,0.022
2019-12-28 14:25:59,0.022
2019-12-28 14:27:59,0.023
2019-12-28 14:29:59,0.023
2019-12-28 14:31:59,0.024
2019-12-28 14:33:59,0.024
2019-12-28 14:35:59,0.025
2019-12-28 14:37:59,0.024
2019-12-28 14:39:59,0.025
2019-12-28 14:41:59,0.024
2019-12-28 14:43:59,0.023
2019-12-28 14:45:59,0.023
2019-12-28 14:47:59,0.022
2019-12-28 14:49:59,0.022
2019-12-28 14:51:59,0.022
2019-12-28 14:53:59,0.021
2019-12-28 14:55:59,0.021
2019-12-28 14:57:59,0.021
2019-12-28 14:59:59,0.021
2019-12-28 15:01:59,0.021
2019-12-28 15:03:59,0.021
2019-12-28 15:05:59,0.021
2019-12-28 15:07:59,0.021
2019-12-28 15:09:59,0.02
2019-12-28 15:11:59,0.02
2019-12-28 15:13:59,0.019
2019-12-28 15:15:59,0.019
2019-12-28 15:17:59,0.02
2019-12-28 15:19:59,0.019
2019-12-28 15:21:59,0.019
2019-12-28 15:23:59,0.019
2019-12-28 15:25:59,0.019
2019-12-28 15:27:59,0.019
2019-12-28 15:29:59,0.019
2019-12-28 15:31:59,0.019
2019-12-28 15:33:59,0.019
2019-12-28 15:35:59,0.023
2019-12-28 15:37:59,0.031
2019-12-28 15:39:59,0.028
2019-12-28 15:41:59,0.023
2019-12-28 15:43:59,0.02
2019-12-28 15:45:59,0.02
2019-12-28 15:47:59,0.021
2019-12-28 15:49:59,0.02
2019-12-28 15:51:59,0.019
2019-12-28 15:53:59,0.019
2019-12-28 15:55:59,0.019
2019-12-28 15:57:59,0.019
2019-12-28 15:59:59,0.019
2019-12-28 16:01:59,0.02
2019-12-28 16:03:59,0.02
2019-12-28 16:05:59,0.02
2019-12-28 16:07:59,0.02
2019-12-28 16:09:59,0.02
2019-12-28 16:11:59,0.019
2019-12-28 16:13:59,0.02
2019-12-28 16:15:59,0.019
2019-12-28 16:17:59,0.019
2019-12-28 16:19:59,0.019
2019-12-28 16:21:59,0.019
2019-12-28 16:23:59,0.019
2019-12-28 16:25:59,0.019
2019-12-28 16:27:59,0.019
2019-12-28 16:29:59,0.019
2019-12-28 16:31:59,0.02
2019-12-28 16:33:59,0.02
2019-12-28 16:35:59,0.019
2019-12-28 16:37:59,0.019
2019-12-28 16:39:59,0.019
2019-12-28 16:41:59,0.02
2019-12-28 16:43:59,0.02
2019-12-28 16:45:59,0.02
2019-12-28 16:47:59,0.019
2019-12-28 16:49:59,0.019
2019-12-28 16:51:59,0.019
2019-12-28 16:53:59,0.019
2019-12-28 16:55:59,0.019
2019-12-28 16:57:59,0.019
2019-12-28 16:59:59,0.02
2019-12-28 17:01:59,0.02
2019-12-28 17:03:59,0.021
2019-12-28 17:05:59,0.02
2019-12-28 17:07:59,0.021
2019-12-28 17:09:59,0.021
2019-12-28 17:11:59,0.021
2019-12-28 17:13:59,0.021
2019-12-28 17:15:59,0.021
2019-12-28 17:17:59,0.021
2019-12-28 17:19:59,0.021
2019-12-28 17:21:59,0.021
2019-12-28 17:23:59,0.021
2019-12-28 17:25:59,0.021
2019-12-28 17:27:59,0.021
2019-12-28 17:29:59,0.022
2019-12-28 17:31:59,0.022
2019-12-28 17:33:59,0.024
2019-12-28 17:35:59,0.024
2019-12-28 17:37:59,0.024
2019-12-28 17:39:59,0.024
2019-12-28 17:41:59,0.024
2019-12-28 17:43:59,0.026
2019-12-28 17:45:59,0.027
2019-12-28 17:47:59,0.027
2019-12-28 17:49:59,0.027
2019-12-28 17:51:59,0.026
2019-12-28 17:53:59,0.025
2019-12-28 17:55:59,0.025
2019-12-28 17:57:59,0.025
2019-12-28 17:59:59,0.024
2019-12-28 18:01:59,0.025
2019-12-28 18:03:59,0.025
2019-12-28 18:05:59,0.026
2019-12-28 18:07:59,0.029
2019-12-28 18:09:59,0.031
2019-12-28 18:11:59,0.031
2019-12-28 18:13:59,0.028
2019-12-28 18:15:59,0.028
2019-12-28 18:17:59,0.028
2019-12-28 18:19:59,0.029
2019-12-28 18:21:59,0.028
2019-12-28 18:23:59,0.027
2019-12-28 18:25:59,0.027
2019-12-28 18:27:59,0.026
2019-12-28 18:29:59,0.026
2019-12-28 18:31:59,0.026
2019-12-28 18:33:59,0.025
2019-12-28 18:35:59,0.026
2019-12-28 18:37:59,0.027
2019-12-28 18:39:59,0.028
2019-12-28 18:41:59,0.029
2019-12-28 18:43:59,0.029
2019-12-28 18:45:59,0.03
2019-12-28 18:47:59,0.029
2019-12-28 18:49:59,0.029
2019-12-28 18:51:59,0.028
2019-12-28 18:53:59,0.028
2019-12-28 18:55:59,0.029
2019-12-28 18:57:59,0.031
2019-12-28 18:59:59,0.032
2019-12-28 19:01:59,0.034
2019-12-28 19:03:59,0.034
2019-12-28 19:05:59,0.034
2019-12-28 19:07:59,0.032
2019-12-28 19:09:59,0.031
2019-12-28 19:11:59,0.031
2019-12-28 19:13:59,0.031
2019-12-28 19:15:59,0.032
2019-12-28 19:17:59,0.033
2019-12-28 19:19:59,0.032
2019-12-28 19:21:59,0.031
2019-12-28 19:23:59,0.03
2019-12-28 19:25:59,0.029
2019-12-28 19:27:59,0.03
2019-12-28 19:29:59,0.031
2019-12-28 19:31:59,0.032
2019-12-28 19:33:59,0.034
2019-12-28 19:35:59,0.035
2019-12-28 19:37:59,0.038
2019-12-28 19:39:59,0.039
2019-12-28 19:41:59,0.041
2019-12-28 19:43:59,0.041
2019-12-28 19:45:59,0.042
2019-12-28 19:47:59,0.041
2019-12-28 19:49:59,0.041
2019-12-28 19:51:59,0.038
2019-12-28 19:53:59,0.036
2019-12-28 19:55:59,0.033
2019-12-28 19:57:59,0.033
2019-12-28 19:59:59,0.033
2019-12-28 20:01:59,0.032
2019-12-28 20:03:59,0.033
2019-12-28 20:05:59,0.033
2019-12-28 20:07:59,0.033
2019-12-28 20:09:59,0.032
2019-12-28 20:11:59,0.032
2019-12-28 20:13:59,0.031
2019-12-28 20:15:59,0.031
2019-12-28 20:17:59,0.031
2019-12-28 20:19:59,0.031
2019-12-28 20:21:59,0.031
2019-12-28 20:23:59,0.031
2019-12-28 20:25:59,0.03
2019-12-28 20:27:59,0.03
2019-12-28 20:29:59,0.029
2019-12-28 20:31:59,0.029
2019-12-28 20:33:59,0.029
2019-12-28 20:35:59,0.03
2019-12-28 20:37:59,0.031
2019-12-28 20:39:59,0.033
2019-12-28 20:41:59,0.036
2019-12-28 20:43:59,0.034
2019-12-28 20:45:59,0.034
2019-12-28 20:47:59,0.034
2019-12-28 20:49:59,0.033
2019-12-28 20:51:59,0.034
2019-12-28 20:53:59,0.034
2019-12-28 20:55:59,0.034
2019-12-28 20:57:59,0.033
2019-12-28 20:59:59,0.033
2019-12-28 21:01:59,0.034
2019-12-28 21:03:59,0.035
2019-12-28 21:05:59,0.035
2019-12-28 21:07:59,0.034
2019-12-28 21:09:59,0.035
2019-12-28 21:11:59,0.034
2019-12-28 21:13:59,0.034
2019-12-28 21:15:59,0.033
2019-12-28 21:17:59,0.034
2019-12-28 21:19:59,0.035
2019-12-28 21:21:59,0.035
2019-12-28 21:23:59,0.034
2019-12-28 21:25:59,0.035
2019-12-28 21:27:59,0.034
2019-12-28 21:29:59,0.034
2019-12-28 21:31:59,0.034
2019-12-28 21:33:59,0.034
2019-12-28 21:35:59,0.034
2019-12-28 21:37:59,0.032
2019-12-28 21:39:59,0.031
2019-12-28 21:41:59,0.032
2019-12-28 21:43:59,0.032
2019-12-28 21:45:59,0.032
2019-12-28 21:47:59,0.032
2019-12-28 21:49:59,0.033
2019-12-28 21:51:59,0.031
2019-12-28 21:53:59,0.03
2019-12-28 21:55:59,0.03
2019-12-28 21:57:59,0.03
2019-12-28 21:59:59,0.031
2019-12-28 22:01:59,0.032
2019-12-28 22:03:59,0.031
2019-12-28 22:05:59,0.032
2019-12-28 22:07:59,0.032
2019-12-28 22:09:59,0.031
2019-12-28 22:11:59,0.032
2019-12-28 22:13:59,0.032
2019-12-28 22:15:59,0.032
2019-12-28 22:17:59,0.032
2019-12-28 22:19:59,0.034
2019-12-28 22:21:59,0.034
2019-12-28 22:23:59,0.034
2019-12-28 22:25:59,0.034
2019-12-28 22:27:59,0.033
2019-12-28 22:29:59,0.032
2019-12-28 22:31:59,0.032
2019-12-28 22:33:59,0.032
2019-12-28 22:35:59,0.032
2019-12-28 22:37:59,0.032
2019-12-28 22:39:59,0.032
2019-12-28 22:41:59,0.032
2019-12-28 22:43:59,0.031
2019-12-28 22:45:59,0.031
2019-12-28 22:47:59,0.031
2019-12-28 22:49:59,0.031
2019-12-28 22:51:59,0.03
2019-12-28 22:53:59,0.03
2019-12-28 22:55:59,0.03
2019-12-28 22:57:59,0.03
2019-12-28 22:59:59,0.031
2019-12-28 23:01:59,0.031
2019-12-28 23:03:59,0.031
2019-12-28 23:05:59,0.031
2019-12-28 23:07:59,0.031
2019-12-28 23:09:59,0.032
2019-12-28 23:11:59,0.032
2019-12-28 23:13:59,0.031
2019-12-28 23:15:59,0.032
2019-12-28 23:17:59,0.034
2019-12-28 23:19:59,0.032
2019-12-28 23:21:59,0.032
2019-12-28 23:23:59,0.03
2019-12-28 23:25:59,0.03
2019-12-28 23:27:59,0.037
2019-12-28 23:29:59,0.045
2019-12-28 23:31:59,0.037
2019-12-28 23:33:59,0.032
2019-12-28 23:35:59,0.029
2019-12-28 23:37:59,0.031
2019-12-28 23:39:59,0.033
2019-12-28 23:41:59,0.03
2019-12-28 23:43:59,0.029
2019-12-28 23:45:59,0.029
2019-12-28 23:47:59,0.028
2019-12-28 23:49:59,0.03
2019-12-28 23:51:59,0.031
2019-12-28 23:53:59,0.032
2019-12-28 23:55:59,0.032
2019-12-28 23:57:59,0.032
2019-12-28 23:59:59,0.031
2019-12-29 00:01:59,0.031
2019-12-29 00:03:59,0.03
2019-12-29 00:05:59,0.029
2019-12-29 00:07:59,0.029
2019-12-29 00:09:59,0.029
2019-12-29 00:11:59,0.03
2019-12-29 00:13:59,0.031
2019-12-29 00:15:59,0.031
2019-12-29 00:17:59,0.031
2019-12-29 00:19:59,0.032
2019-12-29 00:21:59,0.032
2019-12-29 00:23:59,0.032
2019-12-29 00:25:59,0.032
2019-12-29 00:27:59,0.03
2019-12-29 00:29:59,0.029
2019-12-29 00:31:59,0.03
2019-12-29 00:33:59,0.03
2019-12-29 00:35:59,0.029
2019-12-29 00:37:59,0.029
2019-12-29 00:39:59,0.03
2019-12-29 00:41:59,0.03
2019-12-29 00:43:59,0.03
2019-12-29 00:45:59,0.03
2019-12-29 00:47:59,0.029
2019-12-29 00:49:59,0.03
2019-12-29 00:51:59,0.03
2019-12-29 00:53:59,0.029
2019-12-29 00:55:59,0.029
2019-12-29 00:57:59,0.029
2019-12-29 00:59:59,0.029
2019-12-29 01:01:59,0.028
2019-12-29 01:03:59,0.028
2019-12-29 01:05:59,0.028
2019-12-29 01:07:59,0.029
2019-12-29 01:09:59,0.03
2019-12-29 01:11:59,0.033
2019-12-29 01:13:59,0.033
2019-12-29 01:15:59,0.034
2019-12-29 01:17:59,0.035
2019-12-29 01:19:59,0.035
2019-12-29 01:21:59,0.041
2019-12-29 01:23:59,0.047
2019-12-29 01:25:59,0.055
2019-12-29 01:27:59,0.042
2019-12-29 01:29:59,0.038
2019-12-29 01:31:59,0.035
2019-12-29 01:33:59,0.034
2019-12-29 01:35:59,0.034
2019-12-29 01:37:59,0.034
2019-12-29 01:39:59,0.035
2019-12-29 01:41:59,0.035
2019-12-29 01:43:59,0.035
2019-12-29 01:45:59,0.034
2019-12-29 01:47:59,0.035
2019-12-29 01:49:59,0.035
2019-12-29 01:51:59,0.034
2019-12-29 01:53:59,0.034
2019-12-29 01:55:59,0.032
2019-12-29 01:57:59,0.032
2019-12-29 01:59:59,0.032
2019-12-29 02:01:59,0.031
2019-12-29 02:03:59,0.033
2019-12-29 02:05:59,0.033
2019-12-29 02:07:59,0.032
2019-12-29 02:09:59,0.033
2019-12-29 02:11:59,0.035
2019-12-29 02:13:59,0.036
2019-12-29 02:15:59,0.035
2019-12-29 02:17:59,0.034
2019-12-29 02:19:59,0.034
2019-12-29 02:21:59,0.034
2019-12-29 02:23:59,0.033
2019-12-29 02:25:59,0.033
2019-12-29 02:27:59,0.033
2019-12-29 02:29:59,0.034
2019-12-29 02:31:59,0.033
2019-12-29 02:33:59,0.032
2019-12-29 02:35:59,0.033
2019-12-29 02:37:59,0.032
2019-12-29 02:39:59,0.032
2019-12-29 02:41:59,0.031
2019-12-29 02:43:59,0.03
2019-12-29 02:45:59,0.03
2019-12-29 02:47:59,0.029
2019-12-29 02:49:59,0.029
2019-12-29 02:51:59,0.029
2019-12-29 02:53:59,0.029
2019-12-29 02:55:59,0.029
2019-12-29 02:57:59,0.029
2019-12-29 02:59:59,0.029
2019-12-29 03:01:59,0.029
2019-12-29 03:03:59,0.029
2019-12-29 03:05:59,0.029
2019-12-29 03:07:59,0.029
2019-12-29 03:09:59,0.03
2019-12-29 03:11:59,0.03
2019-12-29 03:13:59,0.029
2019-12-29 03:15:59,0.029
2019-12-29 03:17:59,0.03
2019-12-29 03:19:59,0.031
2019-12-29 03:21:59,0.031
2019-12-29 03:23:59,0.03
2019-12-29 03:25:59,0.03
2019-12-29 03:27:59,0.03
2019-12-29 03:29:59,0.031
2019-12-29 03:31:59,0.031
2019-12-29 03:33:59,0.03
2019-12-29 03:35:59,0.03
2019-12-29 03:37:59,0.03
2019-12-29 03:39:59,0.029
2019-12-29 03:41:59,0.029
2019-12-29 03:43:59,0.029
2019-12-29 03:45:59,0.029
2019-12-29 03:47:59,0.029
2019-12-29 03:49:59,0.03
2019-12-29 03:51:59,0.031
2019-12-29 03:53:59,0.032
2019-12-29 03:55:59,0.033
2019-12-29 03:57:59,0.033
2019-12-29 03:59:59,0.032
2019-12-29 04:01:59,0.032
2019-12-29 04:03:59,0.031
2019-12-29 04:05:59,0.031
2019-12-29 04:07:59,0.03
2019-12-29 04:09:59,0.029
2019-12-29 04:11:59,0.029
2019-12-29 04:13:59,0.029
2019-12-29 04:15:59,0.029
2019-12-29 04:17:59,0.03
2019-12-29 04:19:59,0.03
2019-12-29 04:21:59,0.03
2019-12-29 04:23:59,0.03
2019-12-29 04:25:59,0.03
2019-12-29 04:27:59,0.029
2019-12-29 04:29:59,0.029
2019-12-29 04:31:59,0.029
2019-12-29 04:33:59,0.03
2019-12-29 04:35:59,0.029
2019-12-29 04:37:59,0.03
2019-12-29 04:39:59,0.03
2019-12-29 04:41:59,0.029
2019-12-29 04:43:59,0.029
2019-12-29 04:45:59,0.03
2019-12-29 04:47:59,0.03
2019-12-29 04:49:59,0.03
2019-12-29 04:51:59,0.03
2019-12-29 04:53:59,0.03
2019-12-29 04:55:59,0.03
2019-12-29 04:57:59,0.03
2019-12-29 04:59:59,0.03
2019-12-29 05:01:59,0.03
2019-12-29 05:03:59,0.03
2019-12-29 05:05:59,0.031
2019-12-29 05:07:59,0.031
2019-12-29 05:09:59,0.031
2019-12-29 05:11:59,0.031
2019-12-29 05:13:59,0.031
2019-12-29 05:15:59,0.031
2019-12-29 05:17:59,0.031
2019-12-29 05:19:59,0.031
2019-12-29 05:21:59,0.031
2019-12-29 05:23:59,0.032
2019-12-29 05:25:59,0.031
2019-12-29 05:27:59,0.033
2019-12-29 05:29:59,0.033
2019-12-29 05:31:59,0.033
2019-12-29 05:33:59,0.033
2019-12-29 05:35:59,0.033
2019-12-29 05:37:59,0.033
2019-12-29 05:39:59,0.033
2019-12-29 05:41:59,0.034
2019-12-29 05:43:59,0.035
2019-12-29 05:45:59,0.034
2019-12-29 05:47:59,0.034
2019-12-29 05:49:59,0.033
2019-12-29 05:51:59,0.033
2019-12-29 05:53:59,0.031
2019-12-29 05:55:59,0.031
2019-12-29 05:57:59,0.03
2019-12-29 05:59:59,0.03
2019-12-29 06:01:59,0.03
2019-12-29 06:03:59,0.03
2019-12-29 06:05:59,0.031
2019-12-29 06:07:59,0.031
2019-12-29 06:09:59,0.031
2019-12-29 06:11:59,0.031
2019-12-29 06:13:59,0.032
2019-12-29 06:15:59,0.032
2019-12-29 06:17:59,0.032
2019-12-29 06:19:59,0.033
2019-12-29 06:21:59,0.032
2019-12-29 06:23:59,0.032
2019-12-29 06:25:59,0.032
2019-12-29 06:27:59,0.032
2019-12-29 06:29:59,0.032
2019-12-29 06:31:59,0.033
2019-12-29 06:33:59,0.033
2019-12-29 06:35:59,0.033
2019-12-29 06:37:59,0.033
2019-12-29 06:39:59,0.034
2019-12-29 06:41:59,0.034
2019-12-29 06:43:59,0.033
2019-12-29 06:45:59,0.033
2019-12-29 06:47:59,0.032
2019-12-29 06:49:59,0.032
2019-12-29 06:51:59,0.032
2019-12-29 06:53:59,0.031
2019-12-29 06:55:59,0.032
2019-12-29 06:57:59,0.033
2019-12-29 06:59:59,0.035
2019-12-29 07:01:59,0.034
2019-12-29 07:03:59,0.036
2019-12-29 07:05:59,0.037
2019-12-29 07:07:59,0.034
2019-12-29 07:09:59,0.032
2019-12-29 07:11:59,0.032
2019-12-29 07:13:59,0.031
2019-12-29 07:15:59,0.03
2019-12-29 07:17:59,0.031
2019-12-29 07:19:59,0.032
2019-12-29 07:21:59,0.033
2019-12-29 07:23:59,0.032
2019-12-29 07:25:59,0.034
2019-12-29 07:27:59,0.034
2019-12-29 07:29:59,0.033
2019-12-29 07:31:59,0.033
2019-12-29 07:33:59,0.034
2019-12-29 07:35:59,0.036
2019-12-29 07:37:59,0.042
2019-12-29 07:39:59,0.045
2019-12-29 07:41:59,0.041
2019-12-29 07:43:59,0.039
2019-12-29 07:45:59,0.047
2019-12-29 07:47:59,0.053
2019-12-29 07:49:59,0.041
2019-12-29 07:51:59,0.039
2019-12-29 07:53:59,0.042
2019-12-29 07:55:59,0.037
2019-12-29 07:57:59,0.034
2019-12-29 07:59:59,0.038
2019-12-29 08:01:59,0.035
2019-12-29 08:03:59,0.033
2019-12-29 08:05:59,0.034
2019-12-29 08:07:59,0.034
2019-12-29 08:09:59,0.034
2019-12-29 08:11:59,0.035
2019-12-29 08:13:59,0.034
2019-12-29 08:15:59,0.034
2019-12-29 08:17:59,0.034
2019-12-29 08:19:59,0.034
2019-12-29 08:21:59,0.034
2019-12-29 08:23:59,0.033
2019-12-29 08:25:59,0.034
2019-12-29 08:27:59,0.04
2019-12-29 08:29:59,0.037
2019-12-29 08:31:59,0.035
2019-12-29 08:33:59,0.033
2019-12-29 08:35:59,0.034
2019-12-29 08:37:59,0.034
2019-12-29 08:39:59,0.036
2019-12-29 08:41:59,0.035
2019-12-29 08:43:59,0.034
2019-12-29 08:45:59,0.034
2019-12-29 08:47:59,0.035
2019-12-29 08:49:59,0.035
2019-12-29 08:51:59,0.035
2019-12-29 08:53:59,0.035
2019-12-29 08:55:59,0.036
2019-12-29 08:57:59,0.036
2019-12-29 08:59:59,0.036
2019-12-29 09:01:59,0.036
2019-12-29 09:03:59,0.036
2019-12-29 09:05:59,0.036
2019-12-29 09:07:59,0.036
2019-12-29 09:09:59,0.037
2019-12-29 09:11:59,0.036
2019-12-29 09:13:59,0.036
2019-12-29 09:15:59,0.036
2019-12-29 09:17:59,0.036
2019-12-29 09:19:59,0.036
2019-12-29 09:21:59,0.04
2019-12-29 09:23:59,0.044
2019-12-29 09:25:59,0.038
2019-12-29 09:27:59,0.036
2019-12-29 09:29:59,0.036
2019-12-29 09:31:59,0.035
2019-12-29 09:33:59,0.035
2019-12-29 09:35:59,0.037
2019-12-29 09:37:59,0.037
2019-12-29 09:39:59,0.035
2019-12-29 09:41:59,0.035
2019-12-29 09:43:59,0.035
2019-12-29 09:45:59,0.034
2019-12-29 09:47:59,0.034
2019-12-29 09:49:59,0.035
2019-12-29 09:51:59,0.036
2019-12-29 09:53:59,0.035
2019-12-29 09:55:59,0.035
2019-12-29 09:57:59,0.035
2019-12-29 09:59:59,0.035
2019-12-29 10:01:59,0.034
2019-12-29 10:03:59,0.032
2019-12-29 10:05:59,0.03
2019-12-29 10:07:59,0.027
2019-12-29 10:09:59,0.024
2019-12-29 10:11:59,0.025
2019-12-29 10:13:59,0.026
2019-12-29 10:15:59,0.026
2019-12-29 10:17:59,0.024
2019-12-29 10:19:59,0.024
2019-12-29 10:21:59,0.028
2019-12-29 10:23:59,0.035
2019-12-29 10:25:59,0.037
2019-12-29 10:27:59,0.037
2019-12-29 10:29:59,0.036
2019-12-29 10:31:59,0.036
2019-12-29 10:33:59,0.036
2019-12-29 10:35:59,0.036
2019-12-29 10:37:59,0.036
2019-12-29 10:39:59,0.036
2019-12-29 10:41:59,0.035
2019-12-29 10:43:59,0.034
2019-12-29 10:45:59,0.034
2019-12-29 10:47:59,0.034
2019-12-29 10:49:59,0.03
2019-12-29 10:51:59,0.031
2019-12-29 10:53:59,0.031
2019-12-29 10:55:59,0.029
2019-12-29 10:57:59,0.028
2019-12-29 10:59:59,0.028
2019-12-29 11:01:59,0.028
2019-12-29 11:03:59,0.027
2019-12-29 11:05:59,0.028
2019-12-29 11:07:59,0.029
2019-12-29 11:09:59,0.03
2019-12-29 11:11:59,0.03
2019-12-29 11:13:59,0.03
2019-12-29 11:15:59,0.03
2019-12-29 11:17:59,0.03
2019-12-29 11:19:59,0.03
2019-12-29 11:21:59,0.031
2019-12-29 11:23:59,0.03
2019-12-29 11:25:59,0.028
2019-12-29 11:27:59,0.026
2019-12-29 11:29:59,0.028
2019-12-29 11:31:59,0.029
2019-12-29 11:33:59,0.028
2019-12-29 11:35:59,0.027
2019-12-29 11:37:59,0.027
2019-12-29 11:39:59,0.026
2019-12-29 11:41:59,0.025
2019-12-29 11:43:59,0.025
2019-12-29 11:45:59,0.024
2019-12-29 11:47:59,0.023
2019-12-29 11:49:59,0.022
2019-12-29 11:51:59,0.022
2019-12-29 11:53:59,0.023
2019-12-29 11:55:59,0.022
2019-12-29 11:57:59,0.022
2019-12-29 11:59:59,0.022
2019-12-29 12:01:59,0.022
2019-12-29 12:03:59,0.022
2019-12-29 12:05:59,0.022
2019-12-29 12:07:59,0.021
2019-12-29 12:09:59,0.022
2019-12-29 12:11:59,0.021
2019-12-29 12:13:59,0.02
2019-12-29 12:15:59,0.021
2019-12-29 12:17:59,0.02
2019-12-29 12:19:59,0.02
2019-12-29 12:21:59,0.019
2019-12-29 12:23:59,0.02
2019-12-29 12:25:59,0.02
2019-12-29 12:27:59,0.02
2019-12-29 12:29:59,0.02
2019-12-29 12:31:59,0.02
2019-12-29 12:33:59,0.021
2019-12-29 12:35:59,0.02
2019-12-29 12:37:59,0.021
2019-12-29 12:39:59,0.022
2019-12-29 12:41:59,0.021
2019-12-29 12:43:59,0.021
2019-12-29 12:45:59,0.021
2019-12-29 12:47:59,0.02
2019-12-29 12:49:59,0.019
2019-12-29 12:51:59,0.019
2019-12-29 12:53:59,0.019
2019-12-29 12:55:59,0.018
2019-12-29 12:57:59,0.018
2019-12-29 12:59:59,0.018
2019-12-29 13:01:59,0.019
2019-12-29 13:03:59,0.02
2019-12-29 13:05:59,0.018
2019-12-29 13:07:59,0.018
2019-12-29 13:09:59,0.018
2019-12-29 13:11:59,0.018
2019-12-29 13:13:59,0.019
2019-12-29 13:15:59,0.021
2019-12-29 13:17:59,0.02
2019-12-29 13:19:59,0.02
2019-12-29 13:21:59,0.019
2019-12-29 13:23:59,0.019
2019-12-29 13:25:59,0.018
2019-12-29 13:27:59,0.018
2019-12-29 13:29:59,0.018
2019-12-29 13:31:59,0.018
2019-12-29 13:33:59,0.017
2019-12-29 13:35:59,0.017
2019-12-29 13:37:59,0.018
2019-12-29 13:39:59,0.018
2019-12-29 13:41:59,0.018
2019-12-29 13:43:59,0.019
2019-12-29 13:45:59,0.019
2019-12-29 13:47:59,0.018
2019-12-29 13:49:59,0.016
2019-12-29 13:51:59,0.015
2019-12-29 13:53:59,0.014
2019-12-29 13:55:59,0.014
2019-12-29 13:57:59,0.017
2019-12-29 13:59:59,0.018
2019-12-29 14:01:59,0.018
2019-12-29 14:03:59,0.017
2019-12-29 14:05:59,0.016
2019-12-29 14:07:59,0.015
2019-12-29 14:09:59,0.014
2019-12-29 14:11:59,0.015
2019-12-29 14:13:59,0.015
2019-12-29 14:15:59,0.015
2019-12-29 14:17:59,0.016
2019-12-29 14:19:59,0.016
2019-12-29 14:21:59,0.015
2019-12-29 14:23:59,0.015
2019-12-29 14:25:59,0.014
2019-12-29 14:27:59,0.015
2019-12-29 14:29:59,0.015
2019-12-29 14:31:59,0.015
2019-12-29 14:33:59,0.015
2019-12-29 14:35:59,0.015
2019-12-29 14:37:59,0.015
2019-12-29 14:39:59,0.015
2019-12-29 14:41:59,0.015
2019-12-29 14:43:59,0.015
2019-12-29 14:45:59,0.015
2019-12-29 14:47:59,0.015
2019-12-29 14:49:59,0.015
2019-12-29 14:51:59,0.015
2019-12-29 14:53:59,0.016
2019-12-29 14:55:59,0.016
2019-12-29 14:57:59,0.016
2019-12-29 14:59:59,0.016
2019-12-29 15:01:59,0.016
2019-12-29 15:03:59,0.017
2019-12-29 15:05:59,0.017
2019-12-29 15:07:59,0.015
2019-12-29 15:09:59,0.015
2019-12-29 15:11:59,0.015
2019-12-29 15:13:59,0.015
2019-12-29 15:15:59,0.015
2019-12-29 15:17:59,0.015
2019-12-29 15:19:59,0.014
2019-12-29 15:21:59,0.013
2019-12-29 15:23:59,0.013
2019-12-29 15:25:59,0.013
2019-12-29 15:27:59,0.012
2019-12-29 15:29:59,0.012
2019-12-29 15:31:59,0.012
2019-12-29 15:33:59,0.012
2019-12-29 15:35:59,0.012
2019-12-29 15:37:59,0.011
2019-12-29 15:39:59,0.011
2019-12-29 15:41:59,0.011
2019-12-29 15:43:59,0.011
2019-12-29 15:45:59,0.011
2019-12-29 15:47:59,0.011
2019-12-29 15:49:59,0.011
2019-12-29 15:51:59,0.011
2019-12-29 15:53:59,0.013
2019-12-29 15:55:59,0.012
2019-12-29 15:57:59,0.011
2019-12-29 15:59:59,0.01
2019-12-29 16:01:59,0.01
2019-12-29 16:03:59,0.01
2019-12-29 16:05:59,0.011
2019-12-29 16:07:59,0.011
2019-12-29 16:09:59,0.011
2019-12-29 16:11:59,0.011
2019-12-29 16:13:59,0.011
2019-12-29 16:15:59,0.011
2019-12-29 16:17:59,0.012
2019-12-29 16:19:59,0.012
2019-12-29 16:21:59,0.012
2019-12-29 16:23:59,0.012
2019-12-29 16:25:59,0.012
2019-12-29 16:27:59,0.012
2019-12-29 16:29:59,0.012
2019-12-29 16:31:59,0.013
2019-12-29 16:33:59,0.013
2019-12-29 16:35:59,0.014
2019-12-29 16:37:59,0.015
2019-12-29 16:39:59,0.013
2019-12-29 16:41:59,0.013
2019-12-29 16:43:59,0.01
2019-12-29 16:45:59,0.01
2019-12-29 16:47:59,0.01
2019-12-29 16:49:59,0.01
2019-12-29 16:51:59,0.01
2019-12-29 16:53:59,0.01
2019-12-29 16:55:59,0.01
2019-12-29 16:57:59,0.01
2019-12-29 16:59:59,0.01
2019-12-29 17:01:59,0.01
2019-12-29 17:03:59,0.01
2019-12-29 17:05:59,0.01
2019-12-29 17:07:59,0.01
2019-12-29 17:09:59,0.009
2019-12-29 17:11:59,0.009
2019-12-29 17:13:59,0.009
2019-12-29 17:15:59,0.009
2019-12-29 17:17:59,0.009
2019-12-29 17:19:59,0.009
2019-12-29 17:21:59,0.009
2019-12-29 17:23:59,0.009
2019-12-29 17:25:59,0.009
2019-12-29 17:27:59,0.01
2019-12-29 17:29:59,0.01
2019-12-29 17:31:59,0.01
2019-12-29 17:33:59,0.01
2019-12-29 17:35:59,0.009
2019-12-29 17:37:59,0.009
2019-12-29 17:39:59,0.009
2019-12-29 17:41:59,0.009
2019-12-29 17:43:59,0.009
2019-12-29 17:45:59,0.01
2019-12-29 17:47:59,0.01
2019-12-29 17:49:59,0.009
2019-12-29 17:51:59,0.009
2019-12-29 17:53:59,0.009
2019-12-29 17:55:59,0.009
2019-12-29 17:57:59,0.009
2019-12-29 17:59:59,0.008
2019-12-29 18:01:59,0.008
2019-12-29 18:03:59,0.008
2019-12-29 18:05:59,0.009
2019-12-29 18:07:59,0.009
2019-12-29 18:09:59,0.01
2019-12-29 18:11:59,0.011
2019-12-29 18:13:59,0.018
2019-12-29 18:15:59,0.011
2019-12-29 18:17:59,0.011
2019-12-29 18:19:59,0.01
2019-12-29 18:21:59,0.01
2019-12-29 18:23:59,0.009
2019-12-29 18:25:59,0.009
2019-12-29 18:27:59,0.01
2019-12-29 18:29:59,0.011
2019-12-29 18:31:59,0.011
2019-12-29 18:33:59,0.01
2019-12-29 18:35:59,0.009
2019-12-29 18:37:59,0.009
2019-12-29 18:39:59,0.009
2019-12-29 18:41:59,0.01
2019-12-29 18:43:59,0.01
2019-12-29 18:45:59,0.01
2019-12-29 18:47:59,0.01
2019-12-29 18:49:59,0.009
2019-12-29 18:51:59,0.009
2019-12-29 18:53:59,0.009
2019-12-29 18:55:59,0.009
2019-12-29 18:57:59,0.009
2019-12-29 18:59:59,0.01
2019-12-29 19:01:59,0.01
2019-12-29 19:03:59,0.01
2019-12-29 19:05:59,0.01
2019-12-29 19:07:59,0.011
2019-12-29 19:09:59,0.01
2019-12-29 19:11:59,0.01
2019-12-29 19:13:59,0.01
2019-12-29 19:15:59,0.01
2019-12-29 19:17:59,0.01
2019-12-29 19:19:59,0.01
2019-12-29 19:21:59,0.011
2019-12-29 19:23:59,0.011
2019-12-29 19:25:59,0.011
2019-12-29 19:27:59,0.01
2019-12-29 19:29:59,0.01
2019-12-29 19:31:59,0.009
2019-12-29 19:33:59,0.009
2019-12-29 19:35:59,0.009
2019-12-29 19:37:59,0.009
2019-12-29 19:39:59,0.01
2019-12-29 19:41:59,0.01
2019-12-29 19:43:59,0.011
2019-12-29 19:45:59,0.013
2019-12-29 19:47:59,0.015
2019-12-29 19:49:59,0.015
2019-12-29 19:51:59,0.017
2019-12-29 19:53:59,0.016
2019-12-29 19:55:59,0.014
2019-12-29 19:57:59,0.013
2019-12-29 19:59:59,0.01
2019-12-29 20:01:59,0.009
2019-12-29 20:03:59,0.01
2019-12-29 20:05:59,0.01
2019-12-29 20:07:59,0.01
2019-12-29 20:09:59,0.01
2019-12-29 20:11:59,0.01
2019-12-29 20:13:59,0.01
2019-12-29 20:15:59,0.012
2019-12-29 20:17:59,0.016
2019-12-29 20:19:59,0.014
2019-12-29 20:21:59,0.011
2019-12-29 20:23:59,0.01
2019-12-29 20:25:59,0.01
2019-12-29 20:27:59,0.01
2019-12-29 20:29:59,0.01
2019-12-29 20:31:59,0.009
2019-12-29 20:33:59,0.01
2019-12-29 20:35:59,0.011
2019-12-29 20:37:59,0.01
2019-12-29 20:39:59,0.009
2019-12-29 20:41:59,0.009
2019-12-29 20:43:59,0.009
2019-12-29 20:45:59,0.01
2019-12-29 20:47:59,0.01
2019-12-29 20:49:59,0.01
2019-12-29 20:51:59,0.011
2019-12-29 20:53:59,0.011
2019-12-29 20:55:59,0.011
2019-12-29 20:57:59,0.011
2019-12-29 20:59:59,0.011
2019-12-29 21:01:59,0.012
2019-12-29 21:03:59,0.012
2019-12-29 21:05:59,0.013
2019-12-29 21:07:59,0.013
2019-12-29 21:09:59,0.013
2019-12-29 21:11:59,0.013
2019-12-29 21:13:59,0.013
2019-12-29 21:15:59,0.013
2019-12-29 21:17:59,0.013
2019-12-29 21:19:59,0.012
2019-12-29 21:21:59,0.012
2019-12-29 21:23:59,0.012
2019-12-29 21:25:59,0.011
2019-12-29 21:27:59,0.011
2019-12-29 21:29:59,0.011
2019-12-29 21:31:59,0.011
2019-12-29 21:33:59,0.011
2019-12-29 21:35:59,0.01
2019-12-29 21:37:59,0.011
2019-12-29 21:39:59,0.01
2019-12-29 21:41:59,0.01
2019-12-29 21:43:59,0.01
2019-12-29 21:45:59,0.011
2019-12-29 21:47:59,0.011
2019-12-29 21:49:59,0.011
2019-12-29 21:51:59,0.011
2019-12-29 21:53:59,0.012
2019-12-29 21:55:59,0.012
2019-12-29 21:57:59,0.012
2019-12-29 21:59:59,0.012
2019-12-29 22:01:59,0.013
2019-12-29 22:03:59,0.013
2019-12-29 22:05:59,0.013
2019-12-29 22:07:59,0.014
2019-12-29 22:09:59,0.015
2019-12-29 22:11:59,0.015
2019-12-29 22:13:59,0.014
2019-12-29 22:15:59,0.015
2019-12-29 22:17:59,0.015
2019-12-29 22:19:59,0.014
2019-12-29 22:21:59,0.014
2019-12-29 22:23:59,0.014
2019-12-29 22:25:59,0.015
2019-12-29 22:27:59,0.015
2019-12-29 22:29:59,0.014
2019-12-29 22:31:59,0.016
2019-12-29 22:33:59,0.017
2019-12-29 22:35:59,0.016
2019-12-29 22:37:59,0.015
2019-12-29 22:39:59,0.016
2019-12-29 22:41:59,0.016
2019-12-29 22:43:59,0.014
2019-12-29 22:45:59,0.014
2019-12-29 22:47:59,0.013
2019-12-29 22:49:59,0.013
2019-12-29 22:51:59,0.013
2019-12-29 22:53:59,0.013
2019-12-29 22:55:59,0.013
2019-12-29 22:57:59,0.013
2019-12-29 22:59:59,0.016
2019-12-29 23:01:59,0.019
2019-12-29 23:03:59,0.017
2019-12-29 23:05:59,0.017
2019-12-29 23:07:59,0.017
2019-12-29 23:09:59,0.017
2019-12-29 23:11:59,0.019
2019-12-29 23:13:59,0.02
2019-12-29 23:15:59,0.018
2019-12-29 23:17:59,0.017
2019-12-29 23:19:59,0.017
2019-12-29 23:21:59,0.017
2019-12-29 23:23:59,0.016
2019-12-29 23:25:59,0.016
2019-12-29 23:27:59,0.016
2019-12-29 23:29:59,0.015
2019-12-29 23:31:59,0.016
2019-12-29 23:33:59,0.016
2019-12-29 23:35:59,0.016
2019-12-29 23:37:59,0.017
2019-12-29 23:39:59,0.017
2019-12-29 23:41:59,0.016
2019-12-29 23:43:59,0.016
2019-12-29 23:45:59,0.015
2019-12-29 23:47:59,0.016
2019-12-29 23:49:59,0.019
2019-12-29 23:51:59,0.02
2019-12-29 23:53:59,0.02
2019-12-29 23:55:59,0.021
2019-12-29 23:57:59,0.02
2019-12-29 23:59:59,0.018
2019-12-30 00:01:59,0.015
2019-12-30 00:03:59,0.013
2019-12-30 00:05:59,0.012
2019-12-30 00:07:59,0.012
2019-12-30 00:09:59,0.012
2019-12-30 00:11:59,0.012
2019-12-30 00:13:59,0.011
2019-12-30 00:15:59,0.011
2019-12-30 00:17:59,0.011
2019-12-30 00:19:59,0.011
2019-12-30 00:21:59,0.011
2019-12-30 00:23:59,0.011
2019-12-30 00:25:59,0.011
2019-12-30 00:27:59,0.011
2019-12-30 00:29:59,0.011
2019-12-30 00:31:59,0.011
2019-12-30 00:33:59,0.012
2019-12-30 00:35:59,0.012
2019-12-30 00:37:59,0.012
2019-12-30 00:39:59,0.012
2019-12-30 00:41:59,0.014
2019-12-30 00:43:59,0.014
2019-12-30 00:45:59,0.01
2019-12-30 00:47:59,0.009
2019-12-30 00:49:59,0.009
2019-12-30 00:51:59,0.009
2019-12-30 00:53:59,0.009
2019-12-30 00:55:59,0.009
2019-12-30 00:57:59,0.009
2019-12-30 00:59:59,0.009
2019-12-30 01:01:59,0.009
2019-12-30 01:03:59,0.009
2019-12-30 01:05:59,0.009
2019-12-30 01:07:59,0.009
2019-12-30 01:09:59,0.01
2019-12-30 01:11:59,0.011
2019-12-30 01:13:59,0.011
2019-12-30 01:15:59,0.011
2019-12-30 01:17:59,0.011
2019-12-30 01:19:59,0.011
2019-12-30 01:21:59,0.011
2019-12-30 01:23:59,0.011
2019-12-30 01:25:59,0.01
2019-12-30 01:27:59,0.009
2019-12-30 01:29:59,0.007
2019-12-30 01:31:59,0.006
2019-12-30 01:33:59,0.005
2019-12-30 01:35:59,0.005
2019-12-30 01:37:59,0.005
2019-12-30 01:39:59,0.005
2019-12-30 01:41:59,0.005
2019-12-30 01:43:59,0.005
2019-12-30 01:45:59,0.005
2019-12-30 01:47:59,0.005
2019-12-30 01:49:59,0.005
2019-12-30 01:51:59,0.005
2019-12-30 01:53:59,0.006
2019-12-30 01:55:59,0.006
2019-12-30 01:57:59,0.006
2019-12-30 01:59:59,0.01
2019-12-30 02:01:59,0.012
2019-12-30 02:03:59,0.013
2019-12-30 02:05:59,0.014
2019-12-30 02:07:59,0.014
2019-12-30 02:09:59,0.014
2019-12-30 02:11:59,0.013
2019-12-30 02:13:59,0.013
2019-12-30 02:15:59,0.012
2019-12-30 02:17:59,0.013
2019-12-30 02:19:59,0.013
2019-12-30 02:21:59,0.014
2019-12-30 02:23:59,0.014
2019-12-30 02:25:59,0.014
2019-12-30 02:27:59,0.014
2019-12-30 02:29:59,0.014
2019-12-30 02:31:59,0.015
2019-12-30 02:33:59,0.015
2019-12-30 02:35:59,0.015
2019-12-30 02:37:59,0.015
2019-12-30 02:39:59,0.015
2019-12-30 02:41:59,0.015
2019-12-30 02:43:59,0.014
2019-12-30 02:45:59,0.014
2019-12-30 02:47:59,0.015
2019-12-30 02:49:59,0.016
2019-12-30 02:51:59,0.017
2019-12-30 02:53:59,0.016
2019-12-30 02:55:59,0.016
2019-12-30 02:57:59,0.016
2019-12-30 02:59:59,0.016
2019-12-30 03:01:59,0.017
2019-12-30 03:03:59,0.016
2019-12-30 03:05:59,0.016
2019-12-30 03:07:59,0.016
2019-12-30 03:09:59,0.015
2019-12-30 03:11:59,0.015
2019-12-30 03:13:59,0.013
2019-12-30 03:15:59,0.013
2019-12-30 03:17:59,0.012
2019-12-30 03:19:59,0.012
2019-12-30 03:21:59,0.012
2019-12-30 03:23:59,0.012
2019-12-30 03:25:59,0.012
2019-12-30 03:27:59,0.012
2019-12-30 03:29:59,0.012
2019-12-30 03:31:59,0.012
2019-12-30 03:33:59,0.012
2019-12-30 03:35:59,0.012
2019-12-30 03:37:59,0.013
2019-12-30 03:39:59,0.013
2019-12-30 03:41:59,0.013
2019-12-30 03:43:59,0.013
2019-12-30 03:45:59,0.013
2019-12-30 03:47:59,0.012
2019-12-30 03:49:59,0.012
2019-12-30 03:51:59,0.012
2019-12-30 03:53:59,0.013
2019-12-30 03:55:59,0.013
2019-12-30 03:57:59,0.013
2019-12-30 03:59:59,0.013
2019-12-30 04:01:59,0.014
2019-12-30 04:03:59,0.015
2019-12-30 04:05:59,0.016
2019-12-30 04:07:59,0.016
2019-12-30 04:09:59,0.015
2019-12-30 04:11:59,0.015
2019-12-30 04:13:59,0.015
2019-12-30 04:15:59,0.017
2019-12-30 04:17:59,0.017
2019-12-30 04:19:59,0.019
2019-12-30 04:21:59,0.019
2019-12-30 04:23:59,0.02
2019-12-30 04:25:59,0.02
2019-12-30 04:27:59,0.019
2019-12-30 04:29:59,0.017
2019-12-30 04:31:59,0.017
2019-12-30 04:33:59,0.017
2019-12-30 04:35:59,0.017
2019-12-30 04:37:59,0.016
2019-12-30 04:39:59,0.016
2019-12-30 04:41:59,0.015
2019-12-30 04:43:59,0.012
2019-12-30 04:45:59,0.014
2019-12-30 04:47:59,0.015
2019-12-30 04:49:59,0.015
2019-12-30 04:51:59,0.015
2019-12-30 04:53:59,0.014
2019-12-30 04:55:59,0.014
2019-12-30 04:57:59,0.014
2019-12-30 04:59:59,0.014
2019-12-30 05:01:59,0.013
2019-12-30 05:03:59,0.014
2019-12-30 05:05:59,0.013
2019-12-30 05:07:59,0.013
2019-12-30 05:09:59,0.013
2019-12-30 05:11:59,0.013
2019-12-30 05:13:59,0.013
2019-12-30 05:15:59,0.013
2019-12-30 05:17:59,0.017
2019-12-30 05:19:59,0.017
2019-12-30 05:21:59,0.019
2019-12-30 05:23:59,0.021
2019-12-30 05:25:59,0.017
2019-12-30 05:27:59,0.016
2019-12-30 05:29:59,0.015
2019-12-30 05:31:59,0.015
2019-12-30 05:33:59,0.015
2019-12-30 05:35:59,0.014
2019-12-30 05:37:59,0.014
2019-12-30 05:39:59,0.014
2019-12-30 05:41:59,0.014
2019-12-30 05:43:59,0.014
2019-12-30 05:45:59,0.014
2019-12-30 05:47:59,0.014
2019-12-30 05:49:59,0.014
2019-12-30 05:51:59,0.014
2019-12-30 05:53:59,0.015
2019-12-30 05:55:59,0.016
2019-12-30 05:57:59,0.016
2019-12-30 05:59:59,0.016
2019-12-30 06:01:59,0.016
2019-12-30 06:03:59,0.016
2019-12-30 06:05:59,0.016
2019-12-30 06:07:59,0.015
2019-12-30 06:09:59,0.015
2019-12-30 06:11:59,0.015
2019-12-30 06:13:59,0.014
2019-12-30 06:15:59,0.014
2019-12-30 06:17:59,0.014
2019-12-30 06:19:59,0.013
2019-12-30 06:21:59,0.013
2019-12-30 06:23:59,0.013
2019-12-30 06:25:59,0.013
2019-12-30 06:27:59,0.013
2019-12-30 06:29:59,0.013
2019-12-30 06:31:59,0.013
2019-12-30 06:33:59,0.014
2019-12-30 06:35:59,0.015
2019-12-30 06:37:59,0.015
2019-12-30 06:39:59,0.015
2019-12-30 06:41:59,0.015
2019-12-30 06:43:59,0.015
2019-12-30 06:45:59,0.015
2019-12-30 06:47:59,0.015
2019-12-30 06:49:59,0.014
2019-12-30 06:51:59,0.014
2019-12-30 06:53:59,0.013
2019-12-30 06:55:59,0.012
2019-12-30 06:57:59,0.012
2019-12-30 06:59:59,0.012
2019-12-30 07:01:59,0.012
2019-12-30 07:03:59,0.012
2019-12-30 07:05:59,0.012
2019-12-30 07:07:59,0.013
2019-12-30 07:09:59,0.013
2019-12-30 07:11:59,0.013
2019-12-30 07:13:59,0.013
2019-12-30 07:15:59,0.013
2019-12-30 07:17:59,0.013
2019-12-30 07:19:59,0.014
2019-12-30 07:21:59,0.023
2019-12-30 07:23:59,0.021
2019-12-30 07:25:59,0.028
2019-12-30 07:27:59,0.023
2019-12-30 07:29:59,0.019
2019-12-30 07:31:59,0.018
2019-12-30 07:33:59,0.018
2019-12-30 07:35:59,0.017
2019-12-30 07:37:59,0.017
2019-12-30 07:39:59,0.017
2019-12-30 07:41:59,0.018
2019-12-30 07:43:59,0.018
2019-12-30 07:45:59,0.017
2019-12-30 07:47:59,0.017
2019-12-30 07:49:59,0.017
2019-12-30 07:51:59,0.018
2019-12-30 07:53:59,0.017
2019-12-30 07:55:59,0.017
2019-12-30 07:57:59,0.017
2019-12-30 07:59:59,0.017
2019-12-30 08:01:59,0.016
2019-12-30 08:03:59,0.016
2019-12-30 08:05:59,0.015
2019-12-30 08:07:59,0.015
2019-12-30 08:09:59,0.014
2019-12-30 08:11:59,0.014
2019-12-30 08:13:59,0.015
2019-12-30 08:15:59,0.016
2019-12-30 08:17:59,0.018
2019-12-30 08:19:59,0.017
2019-12-30 08:21:59,0.015
2019-12-30 08:23:59,0.016
2019-12-30 08:25:59,0.017
2019-12-30 08:27:59,0.018
2019-12-30 08:29:59,0.018
2019-12-30 08:31:59,0.018
2019-12-30 08:33:59,0.017
2019-12-30 08:35:59,0.016
2019-12-30 08:37:59,0.016
2019-12-30 08:39:59,0.015
2019-12-30 08:41:59,0.015
2019-12-30 08:43:59,0.015
2019-12-30 08:45:59,0.015
2019-12-30 08:47:59,0.015
2019-12-30 08:49:59,0.015
2019-12-30 08:51:59,0.014
2019-12-30 08:53:59,0.014
2019-12-30 08:55:59,0.014
2019-12-30 08:57:59,0.015
2019-12-30 08:59:59,0.015
2019-12-30 09:01:59,0.015
2019-12-30 09:03:59,0.015
2019-12-30 09:05:59,0.015
2019-12-30 09:07:59,0.015
2019-12-30 09:09:59,0.016
2019-12-30 09:11:59,0.015
2019-12-30 09:13:59,0.016
2019-12-30 09:15:59,0.016
2019-12-30 09:17:59,0.017
2019-12-30 09:19:59,0.019
2019-12-30 09:21:59,0.02
2019-12-30 09:23:59,0.018
2019-12-30 09:25:59,0.016
2019-12-30 09:27:59,0.015
2019-12-30 09:29:59,0.015
2019-12-30 09:31:59,0.016
2019-12-30 09:33:59,0.014
2019-12-30 09:35:59,0.014
2019-12-30 09:37:59,0.015
2019-12-30 09:39:59,0.014
2019-12-30 09:41:59,0.014
2019-12-30 09:43:59,0.013
2019-12-30 09:45:59,0.013
2019-12-30 09:47:59,0.012
2019-12-30 09:49:59,0.011
2019-12-30 09:51:59,0.011
2019-12-30 09:53:59,0.011
2019-12-30 09:55:59,0.01
2019-12-30 09:57:59,0.01
2019-12-30 09:59:59,0.01
2019-12-30 10:01:59,0.011
2019-12-30 10:03:59,0.01
2019-12-30 10:05:59,0.01
2019-12-30 10:07:59,0.01
2019-12-30 10:09:59,0.01
2019-12-30 10:11:59,0.01
2019-12-30 10:13:59,0.01
2019-12-30 10:15:59,0.01
2019-12-30 10:17:59,0.009
2019-12-30 10:19:59,0.009
2019-12-30 10:21:59,0.008
2019-12-30 10:23:59,0.008
2019-12-30 10:25:59,0.008
2019-12-30 10:27:59,0.007
2019-12-30 10:29:59,0.008
2019-12-30 10:31:59,0.007
2019-12-30 10:33:59,0.007
2019-12-30 10:35:59,0.006
2019-12-30 10:37:59,0.006
2019-12-30 10:39:59,0.007
2019-12-30 10:41:59,0.006
2019-12-30 10:43:59,0.007
2019-12-30 10:45:59,0.006
2019-12-30 10:47:59,0.006
2019-12-30 10:49:59,0.006
2019-12-30 10:51:59,0.006
2019-12-30 10:53:59,0.006
2019-12-30 10:55:59,0.006
2019-12-30 10:57:59,0.006
2019-12-30 10:59:59,0.006
2019-12-30 11:01:59,0.007
2019-12-30 11:03:59,0.006
2019-12-30 11:05:59,0.006
2019-12-30 11:07:59,0.007
2019-12-30 11:09:59,0.007
2019-12-30 11:11:59,0.007
2019-12-30 11:13:59,0.006
2019-12-30 11:15:59,0.006
2019-12-30 11:17:59,0.006
2019-12-30 11:19:59,0.006
2019-12-30 11:21:59,0.006
2019-12-30 11:23:59,0.005
2019-12-30 11:25:59,0.005
2019-12-30 11:27:59,0.005
2019-12-30 11:29:59,0.005
2019-12-30 11:31:59,0.005
2019-12-30 11:33:59,0.006
2019-12-30 11:35:59,0.005
2019-12-30 11:37:59,0.005
2019-12-30 11:39:59,0.005
2019-12-30 11:41:59,0.005
2019-12-30 11:43:59,0.005
2019-12-30 11:45:59,0.005
2019-12-30 11:47:59,0.005
2019-12-30 11:49:59,0.005
2019-12-30 11:51:59,0.005
2019-12-30 11:53:59,0.005
2019-12-30 11:55:59,0.006
2019-12-30 11:57:59,0.005
2019-12-30 11:59:59,0.005
2019-12-30 12:01:59,0.005
2019-12-30 12:03:59,0.005
2019-12-30 12:05:59,0.005
2019-12-30 12:07:59,0.005
2019-12-30 12:09:59,0.005
2019-12-30 12:11:59,0.005
2019-12-30 12:13:59,0.005
2019-12-30 12:15:59,0.005
2019-12-30 12:17:59,0.005
2019-12-30 12:19:59,0.005
2019-12-30 12:21:59,0.006
2019-12-30 12:23:59,0.006
2019-12-30 12:25:59,0.006
2019-12-30 12:27:59,0.006
2019-12-30 12:29:59,0.007
2019-12-30 12:31:59,0.007
2019-12-30 12:33:59,0.008
2019-12-30 12:35:59,0.008
2019-12-30 12:37:59,0.008
2019-12-30 12:39:59,0.008
2019-12-30 12:41:59,0.008
2019-12-30 12:43:59,0.008
2019-12-30 12:45:59,0.008
2019-12-30 12:47:59,0.008
2019-12-30 12:49:59,0.008
2019-12-30 12:51:59,0.007
2019-12-30 12:53:59,0.008
2019-12-30 12:55:59,0.007
2019-12-30 12:57:59,0.006
2019-12-30 12:59:59,0.006
2019-12-30 13:01:59,0.006
2019-12-30 13:03:59,0.007
2019-12-30 13:05:59,0.007
2019-12-30 13:07:59,0.008
2019-12-30 13:09:59,0.008
2019-12-30 13:11:59,0.008
2019-12-30 13:13:59,0.008
2019-12-30 13:15:59,0.008
2019-12-30 13:17:59,0.008
2019-12-30 13:19:59,0.008
2019-12-30 13:21:59,0.008
2019-12-30 13:23:59,0.009
2019-12-30 13:25:59,0.008
2019-12-30 13:27:59,0.008
2019-12-30 13:29:59,0.008
2019-12-30 13:31:59,0.008
2019-12-30 13:33:59,0.007
2019-12-30 13:35:59,0.007
2019-12-30 13:37:59,0.007
2019-12-30 13:39:59,0.008
2019-12-30 13:41:59,0.008
2019-12-30 13:43:59,0.007
2019-12-30 13:45:59,0.008
2019-12-30 13:47:59,0.008
2019-12-30 13:49:59,0.007
2019-12-30 13:51:59,0.008
2019-12-30 13:53:59,0.007
2019-12-30 13:55:59,0.007
2019-12-30 13:57:59,0.007
2019-12-30 13:59:59,0.009
2019-12-30 14:01:59,0.007
2019-12-30 14:03:59,0.007
2019-12-30 14:05:59,0.006
2019-12-30 14:07:59,0.007
2019-12-30 14:09:59,0.007
2019-12-30 14:11:59,0.008
2019-12-30 14:13:59,0.007
2019-12-30 14:15:59,0.007
2019-12-30 14:17:59,0.007
2019-12-30 14:19:59,0.007
2019-12-30 14:21:59,0.007
2019-12-30 14:23:59,0.008
2019-12-30 14:25:59,0.009
2019-12-30 14:27:59,0.008
2019-12-30 14:29:59,0.009
2019-12-30 14:31:59,0.009
2019-12-30 14:33:59,0.009
2019-12-30 14:35:59,0.01
2019-12-30 14:37:59,0.011
2019-12-30 14:39:59,0.009
2019-12-30 14:41:59,0.008
2019-12-30 14:43:59,0.01
2019-12-30 14:45:59,0.01
2019-12-30 14:47:59,0.009
2019-12-30 14:49:59,0.012
2019-12-30 14:51:59,0.011
2019-12-30 14:53:59,0.011
2019-12-30 14:55:59,0.009
2019-12-30 14:57:59,0.009
2019-12-30 14:59:59,0.009
2019-12-30 15:01:59,0.008
2019-12-30 15:03:59,0.009
2019-12-30 15:05:59,0.009
2019-12-30 15:07:59,0.009
2019-12-30 15:09:59,0.009
2019-12-30 15:11:59,0.009
2019-12-30 15:13:59,0.008
2019-12-30 15:15:59,0.009
2019-12-30 15:17:59,0.008
2019-12-30 15:19:59,0.01
2019-12-30 15:21:59,0.009
2019-12-30 15:23:59,0.009
2019-12-30 15:25:59,0.01
2019-12-30 15:27:59,0.011
2019-12-30 15:29:59,0.013
2019-12-30 15:31:59,0.011
2019-12-30 15:33:59,0.011
2019-12-30 15:35:59,0.011
2019-12-30 15:37:59,0.011
2019-12-30 15:39:59,0.011
2019-12-30 15:41:59,0.012
2019-12-30 15:43:59,0.012
2019-12-30 15:45:59,0.011
2019-12-30 15:47:59,0.011
2019-12-30 15:49:59,0.011
2019-12-30 15:51:59,0.011
2019-12-30 15:53:59,0.011
2019-12-30 15:55:59,0.012
2019-12-30 15:57:59,0.012
2019-12-30 15:59:59,0.013
2019-12-30 16:01:59,0.014
2019-12-30 16:03:59,0.011
2019-12-30 16:05:59,0.011
2019-12-30 16:07:59,0.011
2019-12-30 16:09:59,0.011
2019-12-30 16:11:59,0.011
2019-12-30 16:13:59,0.01
2019-12-30 16:15:59,0.011
2019-12-30 16:17:59,0.011
2019-12-30 16:19:59,0.011
2019-12-30 16:21:59,0.011
2019-12-30 16:23:59,0.011
2019-12-30 16:25:59,0.012
2019-12-30 16:27:59,0.012
2019-12-30 16:29:59,0.013
2019-12-30 16:31:59,0.013
2019-12-30 16:33:59,0.011
2019-12-30 16:35:59,0.011
2019-12-30 16:37:59,0.012
2019-12-30 16:39:59,0.012
2019-12-30 16:41:59,0.014
2019-12-30 16:43:59,0.013
2019-12-30 16:45:59,0.011
2019-12-30 16:47:59,0.011
2019-12-30 16:49:59,0.011
2019-12-30 16:51:59,0.011
2019-12-30 16:53:59,0.012
2019-12-30 16:55:59,0.012
2019-12-30 16:57:59,0.012
2019-12-30 16:59:59,0.013
2019-12-30 17:01:59,0.013
2019-12-30 17:03:59,0.013
2019-12-30 17:05:59,0.012
2019-12-30 17:07:59,0.012
2019-12-30 17:09:59,0.012
2019-12-30 17:11:59,0.012
2019-12-30 17:13:59,0.012
2019-12-30 17:15:59,0.012
2019-12-30 17:17:59,0.012
2019-12-30 17:19:59,0.012
2019-12-30 17:21:59,0.012
2019-12-30 17:23:59,0.012
2019-12-30 17:25:59,0.014
2019-12-30 17:27:59,0.013
2019-12-30 17:29:59,0.013
2019-12-30 17:31:59,0.014
2019-12-30 17:33:59,0.02
2019-12-30 17:35:59,0.024
2019-12-30 17:37:59,0.024
2019-12-30 17:39:59,0.021
2019-12-30 17:41:59,0.023
2019-12-30 17:43:59,0.023
2019-12-30 17:45:59,0.02
2019-12-30 17:47:59,0.02
2019-12-30 17:49:59,0.038
2019-12-30 17:51:59,0.047
2019-12-30 17:53:59,0.037
2019-12-30 17:55:59,0.037
2019-12-30 17:57:59,0.038
2019-12-30 17:59:59,0.03
2019-12-30 18:01:59,0.019
2019-12-30 18:03:59,0.014
2019-12-30 18:05:59,0.014
2019-12-30 18:07:59,0.015
2019-12-30 18:09:59,0.015
2019-12-30 18:11:59,0.015
2019-12-30 18:13:59,0.015
2019-12-30 18:15:59,0.018
2019-12-30 18:17:59,0.022
2019-12-30 18:19:59,0.023
2019-12-30 18:21:59,0.02
2019-12-30 18:23:59,0.017
2019-12-30 18:25:59,0.015
2019-12-30 18:27:59,0.015
2019-12-30 18:29:59,0.015
2019-12-30 18:31:59,0.014
2019-12-30 18:33:59,0.014
2019-12-30 18:35:59,0.013
2019-12-30 18:37:59,0.013
2019-12-30 18:39:59,0.013
2019-12-30 18:41:59,0.013
2019-12-30 18:43:59,0.014
2019-12-30 18:45:59,0.013
2019-12-30 18:47:59,0.014
2019-12-30 18:49:59,0.014
2019-12-30 18:51:59,0.014
2019-12-30 18:53:59,0.013
2019-12-30 18:55:59,0.014
2019-12-30 18:57:59,0.014
2019-12-30 18:59:59,0.014
2019-12-30 19:01:59,0.014
2019-12-30 19:03:59,0.013
2019-12-30 19:05:59,0.013
2019-12-30 19:07:59,0.013
2019-12-30 19:09:59,0.013
2019-12-30 19:11:59,0.013
2019-12-30 19:13:59,0.017
2019-12-30 19:15:59,0.023
2019-12-30 19:17:59,0.022
2019-12-30 19:19:59,0.018
2019-12-30 19:21:59,0.015
2019-12-30 19:23:59,0.014
2019-12-30 19:25:59,0.014
2019-12-30 19:27:59,0.019
2019-12-30 19:29:59,0.016
2019-12-30 19:31:59,0.02
2019-12-30 19:33:59,0.02
2019-12-30 19:35:59,0.018
2019-12-30 19:37:59,0.015
2019-12-30 19:39:59,0.016
2019-12-30 19:41:59,0.016
2019-12-30 19:43:59,0.016
2019-12-30 19:45:59,0.015
2019-12-30 19:47:59,0.015
2019-12-30 19:49:59,0.015
2019-12-30 19:51:59,0.016
2019-12-30 19:53:59,0.015
2019-12-30 19:55:59,0.015
2019-12-30 19:57:59,0.015
2019-12-30 19:59:59,0.014
2019-12-30 20:01:59,0.014
2019-12-30 20:03:59,0.014
2019-12-30 20:05:59,0.015
2019-12-30 20:07:59,0.015
2019-12-30 20:09:59,0.014
2019-12-30 20:11:59,0.014
2019-12-30 20:13:59,0.014
2019-12-30 20:15:59,0.014
2019-12-30 20:17:59,0.014
2019-12-30 20:19:59,0.014
2019-12-30 20:21:59,0.014
2019-12-30 20:23:59,0.014
2019-12-30 20:25:59,0.014
2019-12-30 20:27:59,0.014
2019-12-30 20:29:59,0.014
2019-12-30 20:31:59,0.013
2019-12-30 20:33:59,0.013
2019-12-30 20:35:59,0.013
2019-12-30 20:37:59,0.013
2019-12-30 20:39:59,0.013
2019-12-30 20:41:59,0.013
2019-12-30 20:43:59,0.013
2019-12-30 20:45:59,0.013
2019-12-30 20:47:59,0.013
2019-12-30 20:49:59,0.015
2019-12-30 20:51:59,0.016
2019-12-30 20:53:59,0.016
2019-12-30 20:55:59,0.017
2019-12-30 20:57:59,0.017
2019-12-30 20:59:59,0.017
2019-12-30 21:01:59,0.017
2019-12-30 21:03:59,0.016
2019-12-30 21:05:59,0.015
2019-12-30 21:07:59,0.015
2019-12-30 21:09:59,0.014
2019-12-30 21:11:59,0.013
2019-12-30 21:13:59,0.013
2019-12-30 21:15:59,0.013
2019-12-30 21:17:59,0.013
2019-12-30 21:19:59,0.013
2019-12-30 21:21:59,0.013
2019-12-30 21:23:59,0.014
2019-12-30 21:25:59,0.013
2019-12-30 21:27:59,0.013
2019-12-30 21:29:59,0.014
2019-12-30 21:31:59,0.014
2019-12-30 21:33:59,0.014
2019-12-30 21:35:59,0.014
2019-12-30 21:37:59,0.014
2019-12-30 21:39:59,0.014
2019-12-30 21:41:59,0.014
2019-12-30 21:43:59,0.015
2019-12-30 21:45:59,0.018
2019-12-30 21:47:59,0.019
2019-12-30 21:49:59,0.017
2019-12-30 21:51:59,0.016
2019-12-30 21:53:59,0.015
2019-12-30 21:55:59,0.015
2019-12-30 21:57:59,0.015
2019-12-30 21:59:59,0.015
2019-12-30 22:01:59,0.015
2019-12-30 22:03:59,0.015
2019-12-30 22:05:59,0.015
2019-12-30 22:07:59,0.015
2019-12-30 22:09:59,0.015
2019-12-30 22:11:59,0.015
2019-12-30 22:13:59,0.014
2019-12-30 22:15:59,0.014
2019-12-30 22:17:59,0.014
2019-12-30 22:19:59,0.014
2019-12-30 22:21:59,0.014
2019-12-30 22:23:59,0.014
2019-12-30 22:25:59,0.014
2019-12-30 22:27:59,0.013
2019-12-30 22:29:59,0.013
2019-12-30 22:31:59,0.013
2019-12-30 22:33:59,0.013
2019-12-30 22:35:59,0.012
2019-12-30 22:37:59,0.013
2019-12-30 22:39:59,0.013
2019-12-30 22:41:59,0.013
2019-12-30 22:43:59,0.013
2019-12-30 22:45:59,0.013
2019-12-30 22:47:59,0.013
2019-12-30 22:49:59,0.012
2019-12-30 22:51:59,0.013
2019-12-30 22:53:59,0.013
2019-12-30 22:55:59,0.012
2019-12-30 22:57:59,0.013
2019-12-30 22:59:59,0.013
2019-12-30 23:01:59,0.013
2019-12-30 23:03:59,0.013
2019-12-30 23:05:59,0.013
2019-12-30 23:07:59,0.013
2019-12-30 23:09:59,0.014
2019-12-30 23:11:59,0.038
2019-12-30 23:13:59,0.042
2019-12-30 23:15:59,0.043
2019-12-30 23:17:59,0.036
2019-12-30 23:19:59,0.028
2019-12-30 23:21:59,0.017
2019-12-30 23:23:59,0.015
2019-12-30 23:25:59,0.017
2019-12-30 23:27:59,0.018
2019-12-30 23:29:59,0.015
2019-12-30 23:31:59,0.014
2019-12-30 23:33:59,0.014
2019-12-30 23:35:59,0.013
2019-12-30 23:37:59,0.014
2019-12-30 23:39:59,0.014
2019-12-30 23:41:59,0.014
2019-12-30 23:43:59,0.014
2019-12-30 23:45:59,0.014
2019-12-30 23:47:59,0.014
2019-12-30 23:49:59,0.015
2019-12-30 23:51:59,0.014
2019-12-30 23:53:59,0.014
2019-12-30 23:55:59,0.014
2019-12-30 23:57:59,0.013
2019-12-30 23:59:59,0.013
2019-12-31 00:01:59,0.013
2019-12-31 00:03:59,0.013
2019-12-31 00:05:59,0.013
2019-12-31 00:07:59,0.013
2019-12-31 00:09:59,0.013
2019-12-31 00:11:59,0.013
2019-12-31 00:13:59,0.013
2019-12-31 00:15:59,0.013
2019-12-31 00:17:59,0.012
2019-12-31 00:19:59,0.013
2019-12-31 00:21:59,0.013
2019-12-31 00:23:59,0.013
2019-12-31 00:25:59,0.013
2019-12-31 00:27:59,0.013
2019-12-31 00:29:59,0.012
2019-12-31 00:31:59,0.012
2019-12-31 00:33:59,0.013
2019-12-31 00:35:59,0.014
2019-12-31 00:37:59,0.014
2019-12-31 00:39:59,0.014
2019-12-31 00:41:59,0.013
2019-12-31 00:43:59,0.013
2019-12-31 00:45:59,0.012
2019-12-31 00:47:59,0.012
2019-12-31 00:49:59,0.012
2019-12-31 00:51:59,0.012
2019-12-31 00:53:59,0.012
2019-12-31 00:55:59,0.012
2019-12-31 00:57:59,0.012
2019-12-31 00:59:59,0.013
2019-12-31 01:01:59,0.013
2019-12-31 01:03:59,0.013
2019-12-31 01:05:59,0.013
2019-12-31 01:07:59,0.012
2019-12-31 01:09:59,0.012
2019-12-31 01:11:59,0.013
2019-12-31 01:13:59,0.013
2019-12-31 01:15:59,0.017
2019-12-31 01:17:59,0.022
2019-12-31 01:19:59,0.017
2019-12-31 01:21:59,0.015
2019-12-31 01:23:59,0.014
2019-12-31 01:25:59,0.014
2019-12-31 01:27:59,0.014
2019-12-31 01:29:59,0.013
2019-12-31 01:31:59,0.014
2019-12-31 01:33:59,0.013
2019-12-31 01:35:59,0.013
2019-12-31 01:37:59,0.013
2019-12-31 01:39:59,0.013
2019-12-31 01:41:59,0.013
2019-12-31 01:43:59,0.013
2019-12-31 01:45:59,0.013
2019-12-31 01:47:59,0.013
2019-12-31 01:49:59,0.013
2019-12-31 01:51:59,0.013
2019-12-31 01:53:59,0.013
2019-12-31 01:55:59,0.013
2019-12-31 01:57:59,0.013
2019-12-31 01:59:59,0.013
2019-12-31 02:01:59,0.013
2019-12-31 02:03:59,0.013
2019-12-31 02:05:59,0.013
2019-12-31 02:07:59,0.013
2019-12-31 02:09:59,0.013
2019-12-31 02:11:59,0.014
2019-12-31 02:13:59,0.014
2019-12-31 02:15:59,0.013
2019-12-31 02:17:59,0.014
2019-12-31 02:19:59,0.014
2019-12-31 02:21:59,0.014
2019-12-31 02:23:59,0.015
2019-12-31 02:25:59,0.015
2019-12-31 02:27:59,0.015
2019-12-31 02:29:59,0.015
2019-12-31 02:31:59,0.015
2019-12-31 02:33:59,0.015
2019-12-31 02:35:59,0.015
2019-12-31 02:37:59,0.015
2019-12-31 02:39:59,0.015
2019-12-31 02:41:59,0.015
2019-12-31 02:43:59,0.015
2019-12-31 02:45:59,0.015
2019-12-31 02:47:59,0.015
2019-12-31 02:49:59,0.015
2019-12-31 02:51:59,0.015
2019-12-31 02:53:59,0.015
2019-12-31 02:55:59,0.015
2019-12-31 02:57:59,0.016
2019-12-31 02:59:59,0.016
2019-12-31 03:01:59,0.016
2019-12-31 03:03:59,0.016
2019-12-31 03:05:59,0.016
2019-12-31 03:07:59,0.015
2019-12-31 03:09:59,0.015
2019-12-31 03:11:59,0.015
2019-12-31 03:13:59,0.015
2019-12-31 03:15:59,0.015
2019-12-31 03:17:59,0.015
2019-12-31 03:19:59,0.015
2019-12-31 03:21:59,0.015
2019-12-31 03:23:59,0.015
2019-12-31 03:25:59,0.015
2019-12-31 03:27:59,0.015
2019-12-31 03:29:59,0.015
2019-12-31 03:31:59,0.016
2019-12-31 03:33:59,0.016
2019-12-31 03:35:59,0.016
2019-12-31 03:37:59,0.016
2019-12-31 03:39:59,0.017
2019-12-31 03:41:59,0.017
2019-12-31 03:43:59,0.016
2019-12-31 03:45:59,0.016
2019-12-31 03:47:59,0.017
2019-12-31 03:49:59,0.017
2019-12-31 03:51:59,0.017
2019-12-31 03:53:59,0.017
2019-12-31 03:55:59,0.018
2019-12-31 03:57:59,0.017
2019-12-31 03:59:59,0.017
2019-12-31 04:01:59,0.017
2019-12-31 04:03:59,0.016
2019-12-31 04:05:59,0.017
2019-12-31 04:07:59,0.017
2019-12-31 04:09:59,0.017
2019-12-31 04:11:59,0.023
2019-12-31 04:13:59,0.026
2019-12-31 04:15:59,0.026
2019-12-31 04:17:59,0.023
2019-12-31 04:19:59,0.027
2019-12-31 04:21:59,0.034
2019-12-31 04:23:59,0.026
2019-12-31 04:25:59,0.022
2019-12-31 04:27:59,0.021
2019-12-31 04:29:59,0.027
2019-12-31 04:31:59,0.028
2019-12-31 04:33:59,0.026
2019-12-31 04:35:59,0.023
2019-12-31 04:37:59,0.023
2019-12-31 04:39:59,0.021
2019-12-31 04:41:59,0.018
2019-12-31 04:43:59,0.018
2019-12-31 04:45:59,0.019
2019-12-31 04:47:59,0.019
2019-12-31 04:49:59,0.018
2019-12-31 04:51:59,0.018
2019-12-31 04:53:59,0.018
2019-12-31 04:55:59,0.017
2019-12-31 04:57:59,0.018
2019-12-31 04:59:59,0.017
2019-12-31 05:01:59,0.018
2019-12-31 05:03:59,0.018
2019-12-31 05:05:59,0.017
2019-12-31 05:07:59,0.018
2019-12-31 05:09:59,0.017
2019-12-31 05:11:59,0.017
2019-12-31 05:13:59,0.017
2019-12-31 05:15:59,0.018
2019-12-31 05:17:59,0.017
2019-12-31 05:19:59,0.017
2019-12-31 05:21:59,0.017
2019-12-31 05:23:59,0.017
2019-12-31 05:25:59,0.017
2019-12-31 05:27:59,0.017
2019-12-31 05:29:59,0.017
2019-12-31 05:31:59,0.017
2019-12-31 05:33:59,0.017
2019-12-31 05:35:59,0.017
2019-12-31 05:37:59,0.017
2019-12-31 05:39:59,0.017
2019-12-31 05:41:59,0.017
2019-12-31 05:43:59,0.017
2019-12-31 05:45:59,0.017
2019-12-31 05:47:59,0.017
2019-12-31 05:49:59,0.017
2019-12-31 05:51:59,0.016
2019-12-31 05:53:59,0.016
2019-12-31 05:55:59,0.016
2019-12-31 05:57:59,0.016
2019-12-31 05:59:59,0.016
2019-12-31 06:01:59,0.015
2019-12-31 06:03:59,0.015
2019-12-31 06:05:59,0.015
2019-12-31 06:07:59,0.015
2019-12-31 06:09:59,0.015
2019-12-31 06:11:59,0.015
2019-12-31 06:13:59,0.016
2019-12-31 06:15:59,0.015
2019-12-31 06:17:59,0.015
2019-12-31 06:19:59,0.015
2019-12-31 06:21:59,0.016
2019-12-31 06:23:59,0.015
2019-12-31 06:25:59,0.016
2019-12-31 06:27:59,0.015
2019-12-31 06:29:59,0.015
2019-12-31 06:31:59,0.015
2019-12-31 06:33:59,0.015
2019-12-31 06:35:59,0.018
2019-12-31 06:37:59,0.018
2019-12-31 06:39:59,0.016
2019-12-31 06:41:59,0.015
2019-12-31 06:43:59,0.015
2019-12-31 06:45:59,0.015
2019-12-31 06:47:59,0.015
2019-12-31 06:49:59,0.016
2019-12-31 06:51:59,0.015
2019-12-31 06:53:59,0.015
2019-12-31 06:55:59,0.016
2019-12-31 06:57:59,0.015
2019-12-31 06:59:59,0.015
2019-12-31 07:01:59,0.015
2019-12-31 07:03:59,0.015
2019-12-31 07:05:59,0.016
2019-12-31 07:07:59,0.016
2019-12-31 07:09:59,0.016
2019-12-31 07:11:59,0.016
2019-12-31 07:13:59,0.016
2019-12-31 07:15:59,0.015
2019-12-31 07:17:59,0.015
2019-12-31 07:19:59,0.015
2019-12-31 07:21:59,0.015
2019-12-31 07:23:59,0.016
2019-12-31 07:25:59,0.016
2019-12-31 07:27:59,0.016
2019-12-31 07:29:59,0.017
2019-12-31 07:31:59,0.017
2019-12-31 07:33:59,0.017
2019-12-31 07:35:59,0.016
2019-12-31 07:37:59,0.017
2019-12-31 07:39:59,0.016
2019-12-31 07:41:59,0.016
2019-12-31 07:43:59,0.016
2019-12-31 07:45:59,0.017
2019-12-31 07:47:59,0.017
2019-12-31 07:49:59,0.017
2019-12-31 07:51:59,0.017
2019-12-31 07:53:59,0.017
2019-12-31 07:55:59,0.016
2019-12-31 07:57:59,0.017
2019-12-31 07:59:59,0.017
2019-12-31 08:01:59,0.017
2019-12-31 08:03:59,0.017
2019-12-31 08:05:59,0.017
2019-12-31 08:07:59,0.017
2019-12-31 08:09:59,0.017
2019-12-31 08:11:59,0.017
2019-12-31 08:13:59,0.017
2019-12-31 08:15:59,0.018
2019-12-31 08:17:59,0.018
2019-12-31 08:19:59,0.018
2019-12-31 08:21:59,0.018
2019-12-31 08:23:59,0.018
2019-12-31 08:25:59,0.018
2019-12-31 08:27:59,0.018
2019-12-31 08:29:59,0.017
2019-12-31 08:31:59,0.019
2019-12-31 08:33:59,0.018
2019-12-31 08:35:59,0.018
2019-12-31 08:37:59,0.018
2019-12-31 08:39:59,0.017
2019-12-31 08:41:59,0.017
2019-12-31 08:43:59,0.017
2019-12-31 08:45:59,0.017
2019-12-31 08:47:59,0.016
2019-12-31 08:49:59,0.016
2019-12-31 08:51:59,0.016
2019-12-31 08:53:59,0.015
2019-12-31 08:55:59,0.016
2019-12-31 08:57:59,0.016
2019-12-31 08:59:59,0.015
2019-12-31 09:01:59,0.016
2019-12-31 09:03:59,0.016
2019-12-31 09:05:59,0.016
2019-12-31 09:07:59,0.016
2019-12-31 09:09:59,0.016
2019-12-31 09:11:59,0.015
2019-12-31 09:13:59,0.015
2019-12-31 09:15:59,0.015
2019-12-31 09:17:59,0.015
2019-12-31 09:19:59,0.015
2019-12-31 09:21:59,0.015
2019-12-31 09:23:59,0.016
2019-12-31 09:25:59,0.016
2019-12-31 09:27:59,0.015
2019-12-31 09:29:59,0.015
2019-12-31 09:31:59,0.015
2019-12-31 09:33:59,0.016
2019-12-31 09:35:59,0.017
2019-12-31 09:37:59,0.017
2019-12-31 09:39:59,0.017
2019-12-31 09:41:59,0.016
2019-12-31 09:43:59,0.015
2019-12-31 09:45:59,0.015
2019-12-31 09:47:59,0.015
2019-12-31 09:49:59,0.015
2019-12-31 09:51:59,0.016
2019-12-31 09:53:59,0.017
2019-12-31 09:55:59,0.016
2019-12-31 09:57:59,0.017
2019-12-31 09:59:59,0.018
2019-12-31 10:01:59,0.018
2019-12-31 10:03:59,0.016
2019-12-31 10:05:59,0.015
2019-12-31 10:07:59,0.016
2019-12-31 10:09:59,0.015
2019-12-31 10:11:59,0.016
2019-12-31 10:13:59,0.016
2019-12-31 10:15:59,0.016
2019-12-31 10:17:59,0.015
2019-12-31 10:19:59,0.015
2019-12-31 10:21:59,0.015
2019-12-31 10:23:59,0.015
2019-12-31 10:25:59,0.015
2019-12-31 10:27:59,0.015
2019-12-31 10:29:59,0.015
2019-12-31 10:31:59,0.015
2019-12-31 10:33:59,0.015
2019-12-31 10:35:59,0.015
2019-12-31 10:37:59,0.014
2019-12-31 10:39:59,0.014
2019-12-31 10:41:59,0.014
2019-12-31 10:43:59,0.013
2019-12-31 10:45:59,0.014
2019-12-31 10:47:59,0.014
2019-12-31 10:49:59,0.013
2019-12-31 10:51:59,0.014
2019-12-31 10:53:59,0.014
2019-12-31 10:55:59,0.013
2019-12-31 10:57:59,0.013
2019-12-31 10:59:59,0.012
2019-12-31 11:01:59,0.012
2019-12-31 11:03:59,0.012
2019-12-31 11:05:59,0.011
2019-12-31 11:07:59,0.011
2019-12-31 11:09:59,0.011
2019-12-31 11:11:59,0.011
2019-12-31 11:13:59,0.01
2019-12-31 11:15:59,0.01
2019-12-31 11:17:59,0.01
2019-12-31 11:19:59,0.011
2019-12-31 11:21:59,0.009
2019-12-31 11:23:59,0.01
2019-12-31 11:25:59,0.01
2019-12-31 11:27:59,0.009
2019-12-31 11:29:59,0.008
2019-12-31 11:31:59,0.009
2019-12-31 11:33:59,0.009
2019-12-31 11:35:59,0.009
2019-12-31 11:37:59,0.009
2019-12-31 11:39:59,0.01
2019-12-31 11:41:59,0.008
2019-12-31 11:43:59,0.008
2019-12-31 11:45:59,0.008
2019-12-31 11:47:59,0.008
2019-12-31 11:49:59,0.008
2019-12-31 11:51:59,0.008
2019-12-31 11:53:59,0.01
2019-12-31 11:55:59,0.011
2019-12-31 11:57:59,0.008
2019-12-31 11:59:59,0.008
2019-12-31 12:01:59,0.008
2019-12-31 12:03:59,0.007
2019-12-31 12:05:59,0.008
2019-12-31 12:07:59,0.008
2019-12-31 12:09:59,0.008
2019-12-31 12:11:59,0.009
2019-12-31 12:13:59,0.009
2019-12-31 12:15:59,0.009
2019-12-31 12:17:59,0.012
2019-12-31 12:19:59,0.012
2019-12-31 12:21:59,0.013
2019-12-31 12:23:59,0.012
2019-12-31 12:25:59,0.011
2019-12-31 12:27:59,0.011
2019-12-31 12:29:59,0.013
2019-12-31 12:31:59,0.011
2019-12-31 12:33:59,0.011
2019-12-31 12:35:59,0.01
2019-12-31 12:37:59,0.011
2019-12-31 12:39:59,0.012
2019-12-31 12:41:59,0.013
2019-12-31 12:43:59,0.012
2019-12-31 12:45:59,0.011
2019-12-31 12:47:59,0.01
2019-12-31 12:49:59,0.01
2019-12-31 12:51:59,0.01
2019-12-31 12:53:59,0.01
2019-12-31 12:55:59,0.009
2019-12-31 12:57:59,0.01
2019-12-31 12:59:59,0.01
2019-12-31 13:01:59,0.01
2019-12-31 13:03:59,0.01
2019-12-31 13:05:59,0.01
2019-12-31 13:07:59,0.009
2019-12-31 13:09:59,0.009
2019-12-31 13:11:59,0.01
2019-12-31 13:13:59,0.01
2019-12-31 13:15:59,0.009
2019-12-31 13:17:59,0.009
2019-12-31 13:19:59,0.009
2019-12-31 13:21:59,0.01
2019-12-31 13:23:59,0.011
2019-12-31 13:25:59,0.011
2019-12-31 13:27:59,0.01
2019-12-31 13:29:59,0.009
2019-12-31 13:31:59,0.009
2019-12-31 13:33:59,0.009
2019-12-31 13:35:59,0.009
2019-12-31 13:37:59,0.009
2019-12-31 13:39:59,0.008
2019-12-31 13:41:59,0.007
2019-12-31 13:43:59,0.008
2019-12-31 13:45:59,0.009
2019-12-31 13:47:59,0.008
2019-12-31 13:49:59,0.008
2019-12-31 13:51:59,0.008
2019-12-31 13:53:59,0.007
2019-12-31 13:55:59,0.007
2019-12-31 13:57:59,0.006
2019-12-31 13:59:59,0.006
2019-12-31 14:01:59,0.007
2019-12-31 14:03:59,0.009
2019-12-31 14:05:59,0.011
2019-12-31 14:07:59,0.008
2019-12-31 14:09:59,0.007
2019-12-31 14:11:59,0.007
2019-12-31 14:13:59,0.006
2019-12-31 14:15:59,0.006
2019-12-31 14:17:59,0.006
2019-12-31 14:19:59,0.006
2019-12-31 14:21:59,0.007
2019-12-31 14:23:59,0.008
2019-12-31 14:25:59,0.016
2019-12-31 14:27:59,0.009
2019-12-31 14:29:59,0.006
2019-12-31 14:31:59,0.007
2019-12-31 14:33:59,0.007
2019-12-31 14:35:59,0.004
2019-12-31 14:37:59,0.003
2019-12-31 14:39:59,0.004
2019-12-31 14:41:59,0.004
2019-12-31 14:43:59,0.008
2019-12-31 14:45:59,0.01
2019-12-31 14:47:59,0.007
2019-12-31 14:49:59,0.007
2019-12-31 14:51:59,0.009
2019-12-31 14:53:59,0.006
2019-12-31 14:55:59,0.007
2019-12-31 14:57:59,0.009
2019-12-31 14:59:59,0.006
2019-12-31 15:01:59,0.005
2019-12-31 15:03:59,0.005
2019-12-31 15:05:59,0.006
2019-12-31 15:07:59,0.013
2019-12-31 15:09:59,0.003
2019-12-31 15:11:59,0.003
2019-12-31 15:13:59,0.002
2019-12-31 15:15:59,0.003
2019-12-31 15:17:59,0.003
2019-12-31 15:19:59,0.003
2019-12-31 15:21:59,0.003
2019-12-31 15:23:59,0.003
2019-12-31 15:25:59,0.003
2019-12-31 15:27:59,0.003
2019-12-31 15:29:59,0.003
2019-12-31 15:31:59,0.004
2019-12-31 15:33:59,0.003
2019-12-31 15:35:59,0.002
2019-12-31 15:37:59,0.002
2019-12-31 15:39:59,0.003
2019-12-31 15:41:59,0.002
2019-12-31 15:43:59,0.001
2019-12-31 15:45:59,0
2019-12-31 15:47:59,0
2019-12-31 15:49:59,0
2019-12-31 15:51:59,0
2019-12-31 15:53:59,0
2019-12-31 15:55:59,0
2019-12-31 15:57:59,0
2019-12-31 15:59:59,0
2019-12-31 16:01:59,0
2019-12-31 16:03:59,0
2019-12-31 16:05:59,0
2019-12-31 16:07:59,0
2019-12-31 16:09:59,0
2019-12-31 16:11:59,0
2019-12-31 16:13:59,0
2019-12-31 16:15:59,0
2019-12-31 16:17:59,0
2019-12-31 16:19:59,0
2019-12-31 16:21:59,0
2019-12-31 16:23:59,0
2019-12-31 16:25:59,0
2019-12-31 16:27:59,0
2019-12-31 16:29:59,0.001
2019-12-31 16:31:59,0.001
2019-12-31 16:33:59,0.001
2019-12-31 16:35:59,0.001
2019-12-31 16:37:59,0
2019-12-31 16:39:59,0
2019-12-31 16:41:59,0.001
2019-12-31 16:43:59,0
2019-12-31 16:45:59,0
2019-12-31 16:47:59,0
2019-12-31 16:49:59,0
2019-12-31 16:51:59,0
2019-12-31 16:53:59,0
2019-12-31 16:55:59,0
2019-12-31 16:57:59,0
2019-12-31 16:59:59,0
2019-12-31 17:01:59,0
2019-12-31 17:03:59,0
2019-12-31 17:05:59,0
2019-12-31 17:07:59,0
2019-12-31 17:09:59,0
2019-12-31 17:11:59,0
2019-12-31 17:13:59,0
2019-12-31 17:15:59,0
2019-12-31 17:17:59,0
2019-12-31 17:19:59,0
2019-12-31 17:21:59,0
2019-12-31 17:23:59,0
2019-12-31 17:25:59,0
2019-12-31 17:27:59,0
2019-12-31 17:29:59,0
2019-12-31 17:31:59,0
2019-12-31 17:33:59,0
2019-12-31 17:35:59,0
2019-12-31 17:37:59,0
2019-12-31 17:39:59,0
2019-12-31 17:41:59,0
2019-12-31 17:43:59,0
2019-12-31 17:45:59,0
2019-12-31 17:47:59,0
2019-12-31 17:49:59,0
2019-12-31 17:51:59,0
2019-12-31 17:53:59,0
2019-12-31 17:55:59,0
2019-12-31 17:57:59,0
2019-12-31 17:59:59,0
2019-12-31 18:01:59,0
2019-12-31 18:03:59,0
2019-12-31 18:05:59,0
2019-12-31 18:07:59,0
2019-12-31 18:09:59,0
2019-12-31 18:11:59,0
2019-12-31 18:13:59,0
2019-12-31 18:15:59,0.001
2019-12-31 18:17:59,0.001
2019-12-31 18:19:59,0.001
2019-12-31 18:21:59,0.001
2019-12-31 18:23:59,0.001
2019-12-31 18:25:59,0.001
2019-12-31 18:27:59,0.001
2019-12-31 18:29:59,0.001
2019-12-31 18:31:59,0.001
2019-12-31 18:33:59,0.001
2019-12-31 18:35:59,0.001
2019-12-31 18:37:59,0.001
2019-12-31 18:39:59,0.001
2019-12-31 18:41:59,0.001
2019-12-31 18:43:59,0
2019-12-31 18:45:59,0
2019-12-31 18:47:59,0
2019-12-31 18:49:59,0
2019-12-31 18:51:59,0
2019-12-31 18:53:59,0
2019-12-31 18:55:59,0
2019-12-31 18:57:59,0
2019-12-31 18:59:59,0
2019-12-31 19:01:59,0
2019-12-31 19:03:59,0.003
2019-12-31 19:05:59,0.007
2019-12-31 19:07:59,0.002
2019-12-31 19:09:59,0.001
2019-12-31 19:11:59,0
2019-12-31 19:13:59,0
2019-12-31 19:15:59,0
2019-12-31 19:17:59,0
2019-12-31 19:19:59,0
2019-12-31 19:21:59,0
2019-12-31 19:23:59,0
2019-12-31 19:25:59,0
2019-12-31 19:27:59,0
2019-12-31 19:29:59,0
2019-12-31 19:31:59,0
2019-12-31 19:33:59,0
2019-12-31 19:35:59,0
2019-12-31 19:37:59,0
2019-12-31 19:39:59,0
2019-12-31 19:41:59,0
2019-12-31 19:43:59,0
2019-12-31 19:45:59,0
2019-12-31 19:47:59,0
2019-12-31 19:49:59,0
2019-12-31 19:51:59,0
2019-12-31 19:53:59,0
2019-12-31 19:55:59,0
2019-12-31 19:57:59,0
2019-12-31 19:59:59,0
2019-12-31 20:01:59,0
2019-12-31 20:03:59,0
2019-12-31 20:05:59,0
2019-12-31 20:07:59,0
2019-12-31 20:09:59,0
2019-12-31 20:11:59,0
2019-12-31 20:13:59,0
2019-12-31 20:15:59,0
2019-12-31 20:17:59,0
2019-12-31 20:19:59,0
2019-12-31 20:21:59,0
2019-12-31 20:23:59,0
2019-12-31 20:25:59,0
2019-12-31 20:27:59,0
2019-12-31 20:29:59,0
2019-12-31 20:31:59,0
2019-12-31 20:33:59,0
2019-12-31 20:35:59,0
2019-12-31 20:37:59,0
2019-12-31 20:39:59,0.001
2019-12-31 20:41:59,0.001
2019-12-31 20:43:59,0.001
2019-12-31 20:45:59,0.001
2019-12-31 20:47:59,0.001
2019-12-31 20:49:59,0.002
2019-12-31 20:51:59,0.002
2019-12-31 20:53:59,0.003
2019-12-31 20:55:59,0.001
2019-12-31 20:57:59,0.001
2019-12-31 20:59:59,0.001
2019-12-31 21:01:59,0.001
2019-12-31 21:03:59,0.001
2019-12-31 21:05:59,0.001
2019-12-31 21:07:59,0.003
2019-12-31 21:09:59,0.001
2019-12-31 21:11:59,0.003
2019-12-31 21:13:59,0.003
2019-12-31 21:15:59,0.002
2019-12-31 21:17:59,0.002
2019-12-31 21:19:59,0.002
2019-12-31 21:21:59,0.002
2019-12-31 21:23:59,0.001
2019-12-31 21:25:59,0.001
2019-12-31 21:27:59,0.001
2019-12-31 21:29:59,0.001
2019-12-31 21:31:59,0.001
2019-12-31 21:33:59,0.001
2019-12-31 21:35:59,0.007
2019-12-31 21:37:59,0.017
2019-12-31 21:39:59,0.008
2019-12-31 21:41:59,0.005
2019-12-31 21:43:59,0.013
2019-12-31 21:45:59,0.007
2019-12-31 21:47:59,0.005
2019-12-31 21:49:59,0.005
2019-12-31 21:51:59,0.002
2019-12-31 21:53:59,0.001
2019-12-31 21:55:59,0.001
2019-12-31 21:57:59,0.001
2019-12-31 21:59:59,0.001
2019-12-31 22:01:59,0.001
2019-12-31 22:03:59,0.001
2019-12-31 22:05:59,0.001
2019-12-31 22:07:59,0.004
2019-12-31 22:09:59,0.004
2019-12-31 22:11:59,0.002
2019-12-31 22:13:59,0.001
2019-12-31 22:15:59,0
2019-12-31 22:17:59,0
2019-12-31 22:19:59,0.001
2019-12-31 22:21:59,0.001
2019-12-31 22:23:59,0.001
2019-12-31 22:25:59,0.001
2019-12-31 22:27:59,0.001
2019-12-31 22:29:59,0.001
2019-12-31 22:31:59,0.001
2019-12-31 22:33:59,0.001
2019-12-31 22:35:59,0.001
2019-12-31 22:37:59,0.001
2019-12-31 22:39:59,0.001
2019-12-31 22:41:59,0.001
2019-12-31 22:43:59,0.002
2019-12-31 22:45:59,0.003
2019-12-31 22:47:59,0.004
2019-12-31 22:49:59,0.004
2019-12-31 22:51:59,0.005
2019-12-31 22:53:59,0.006
2019-12-31 22:55:59,0.006
2019-12-31 22:57:59,0.005
2019-12-31 22:59:59,0.005
2019-12-31 23:01:59,0.002
2019-12-31 23:03:59,0.002
2019-12-31 23:05:59,0.002
2019-12-31 23:07:59,0.002
2019-12-31 23:09:59,0.001
2019-12-31 23:11:59,0.001
2019-12-31 23:13:59,0.001
2019-12-31 23:15:59,0.001
2019-12-31 23:17:59,0.001
2019-12-31 23:19:59,0.001
2019-12-31 23:21:59,0.001
2019-12-31 23:23:59,0.001
2019-12-31 23:25:59,0.001
2019-12-31 23:27:59,0.001
2019-12-31 23:29:59,0.001
2019-12-31 23:31:59,0.001
2019-12-31 23:33:59,0.001
2019-12-31 23:35:59,0.001
2019-12-31 23:37:59,0.001
2019-12-31 23:39:59,0.001
2019-12-31 23:41:59,0.001
2019-12-31 23:43:59,0.002
2019-12-31 23:45:59,0.001
2019-12-31 23:47:59,0.002
2019-12-31 23:49:59,0.002
2019-12-31 23:51:59,0.001
2019-12-31 23:53:59,0.004
2019-12-31 23:55:59,0.002
2019-12-31 23:57:59,0.001
2019-12-31 23:59:59,0.001
